dataset_id	tissue	organism	resolution	ari	n_clusters	n_true_types	over_clustering	under_clustering	optimal_flag
80a2c5b6-02e7-4fc0-9f12-179f5247c1bc	small intestine	Homo sapiens	0.1	0.3729	14	81	1.0	5.786	True
80a2c5b6-02e7-4fc0-9f12-179f5247c1bc	small intestine	Homo sapiens	0.2	0.3206	17	81	1.0	4.765	False
80a2c5b6-02e7-4fc0-9f12-179f5247c1bc	small intestine	Homo sapiens	0.3	0.3113	24	81	1.0	3.375	False
80a2c5b6-02e7-4fc0-9f12-179f5247c1bc	small intestine	Homo sapiens	0.5	0.3572	29	81	1.0	2.793	False
80a2c5b6-02e7-4fc0-9f12-179f5247c1bc	small intestine	Homo sapiens	0.8	0.3111	39	81	1.0	2.077	False
80a2c5b6-02e7-4fc0-9f12-179f5247c1bc	small intestine	Homo sapiens	1.0	0.327	41	81	1.0	1.976	False
80a2c5b6-02e7-4fc0-9f12-179f5247c1bc	small intestine	Homo sapiens	1.5	0.2778	47	81	1.0	1.723	False
80a2c5b6-02e7-4fc0-9f12-179f5247c1bc	small intestine	Homo sapiens	2.0	0.2591	57	81	1.0	1.421	False
3dc61ca1-ce40-46b6-8337-f27260fd9a03	lung	Homo sapiens	0.1	0.465	12	77	1.0	6.417	True
3dc61ca1-ce40-46b6-8337-f27260fd9a03	lung	Homo sapiens	0.2	0.4106	18	77	1.0	4.278	False
3dc61ca1-ce40-46b6-8337-f27260fd9a03	lung	Homo sapiens	0.3	0.4201	20	77	1.0	3.85	False
3dc61ca1-ce40-46b6-8337-f27260fd9a03	lung	Homo sapiens	0.5	0.4187	24	77	1.0	3.208	False
3dc61ca1-ce40-46b6-8337-f27260fd9a03	lung	Homo sapiens	0.8	0.4339	27	77	1.0	2.852	False
3dc61ca1-ce40-46b6-8337-f27260fd9a03	lung	Homo sapiens	1.0	0.4153	32	77	1.0	2.406	False
3dc61ca1-ce40-46b6-8337-f27260fd9a03	lung	Homo sapiens	1.5	0.3885	38	77	1.0	2.026	False
3dc61ca1-ce40-46b6-8337-f27260fd9a03	lung	Homo sapiens	2.0	0.3286	51	77	1.0	1.51	False
80a2c5b6-02e7-4fc0-9f12-179f5247c1bc	colon	Homo sapiens	0.1	0.5576	13	69	1.0	5.308	False
80a2c5b6-02e7-4fc0-9f12-179f5247c1bc	colon	Homo sapiens	0.2	0.539	20	69	1.0	3.45	False
80a2c5b6-02e7-4fc0-9f12-179f5247c1bc	colon	Homo sapiens	0.3	0.5693	24	69	1.0	2.875	True
80a2c5b6-02e7-4fc0-9f12-179f5247c1bc	colon	Homo sapiens	0.5	0.5003	29	69	1.0	2.379	False
80a2c5b6-02e7-4fc0-9f12-179f5247c1bc	colon	Homo sapiens	0.8	0.44	34	69	1.0	2.029	False
80a2c5b6-02e7-4fc0-9f12-179f5247c1bc	colon	Homo sapiens	1.0	0.4395	34	69	1.0	2.029	False
80a2c5b6-02e7-4fc0-9f12-179f5247c1bc	colon	Homo sapiens	1.5	0.3696	45	69	1.0	1.533	False
80a2c5b6-02e7-4fc0-9f12-179f5247c1bc	colon	Homo sapiens	2.0	0.3381	53	69	1.0	1.302	False
19053a82-9c89-4fb8-bd19-d7b1800b0b7b	stomach	Homo sapiens	0.1	0.4172	12	69	1.0	5.75	False
19053a82-9c89-4fb8-bd19-d7b1800b0b7b	stomach	Homo sapiens	0.2	0.4641	16	69	1.0	4.312	False
19053a82-9c89-4fb8-bd19-d7b1800b0b7b	stomach	Homo sapiens	0.3	0.4819	19	69	1.0	3.632	False
19053a82-9c89-4fb8-bd19-d7b1800b0b7b	stomach	Homo sapiens	0.5	0.5323	23	69	1.0	3.0	False
19053a82-9c89-4fb8-bd19-d7b1800b0b7b	stomach	Homo sapiens	0.8	0.5339	29	69	1.0	2.379	False
19053a82-9c89-4fb8-bd19-d7b1800b0b7b	stomach	Homo sapiens	1.0	0.5525	31	69	1.0	2.226	True
19053a82-9c89-4fb8-bd19-d7b1800b0b7b	stomach	Homo sapiens	1.5	0.5399	37	69	1.0	1.865	False
19053a82-9c89-4fb8-bd19-d7b1800b0b7b	stomach	Homo sapiens	2.0	0.4681	42	69	1.0	1.643	False
fd072bc3-2dfb-46f8-b4e3-467cb3223182	skin of body	Homo sapiens	0.1	0.3756	12	60	1.0	5.0	True
fd072bc3-2dfb-46f8-b4e3-467cb3223182	skin of body	Homo sapiens	0.2	0.3119	18	60	1.0	3.333	False
fd072bc3-2dfb-46f8-b4e3-467cb3223182	skin of body	Homo sapiens	0.3	0.2705	22	60	1.0	2.727	False
fd072bc3-2dfb-46f8-b4e3-467cb3223182	skin of body	Homo sapiens	0.5	0.1971	27	60	1.0	2.222	False
fd072bc3-2dfb-46f8-b4e3-467cb3223182	skin of body	Homo sapiens	0.8	0.1956	31	60	1.0	1.935	False
fd072bc3-2dfb-46f8-b4e3-467cb3223182	skin of body	Homo sapiens	1.0	0.1578	37	60	1.0	1.622	False
fd072bc3-2dfb-46f8-b4e3-467cb3223182	skin of body	Homo sapiens	1.5	0.1444	43	60	1.0	1.395	False
fd072bc3-2dfb-46f8-b4e3-467cb3223182	skin of body	Homo sapiens	2.0	0.1324	48	60	1.0	1.25	False
fd072bc3-2dfb-46f8-b4e3-467cb3223182	liver	Homo sapiens	0.1	0.6978	11	54	1.0	4.909	True
fd072bc3-2dfb-46f8-b4e3-467cb3223182	liver	Homo sapiens	0.2	0.671	14	54	1.0	3.857	False
fd072bc3-2dfb-46f8-b4e3-467cb3223182	liver	Homo sapiens	0.3	0.5413	20	54	1.0	2.7	False
fd072bc3-2dfb-46f8-b4e3-467cb3223182	liver	Homo sapiens	0.5	0.4524	25	54	1.0	2.16	False
fd072bc3-2dfb-46f8-b4e3-467cb3223182	liver	Homo sapiens	0.8	0.3756	32	54	1.0	1.688	False
fd072bc3-2dfb-46f8-b4e3-467cb3223182	liver	Homo sapiens	1.0	0.3387	35	54	1.0	1.543	False
fd072bc3-2dfb-46f8-b4e3-467cb3223182	liver	Homo sapiens	1.5	0.2864	44	54	1.0	1.227	False
fd072bc3-2dfb-46f8-b4e3-467cb3223182	liver	Homo sapiens	2.0	0.2567	51	54	1.0	1.059	False
d7f5d8d0-6150-48d7-b094-c34286ad11a1	brain	Homo sapiens	0.1	0.1846	8	59	1.0	7.375	False
d7f5d8d0-6150-48d7-b094-c34286ad11a1	brain	Homo sapiens	0.2	0.1885	13	59	1.0	4.538	True
d7f5d8d0-6150-48d7-b094-c34286ad11a1	brain	Homo sapiens	0.3	0.1662	17	59	1.0	3.471	False
d7f5d8d0-6150-48d7-b094-c34286ad11a1	brain	Homo sapiens	0.5	0.1603	27	59	1.0	2.185	False
d7f5d8d0-6150-48d7-b094-c34286ad11a1	brain	Homo sapiens	0.8	0.1643	33	59	1.0	1.788	False
d7f5d8d0-6150-48d7-b094-c34286ad11a1	brain	Homo sapiens	1.0	0.1724	35	59	1.0	1.686	False
d7f5d8d0-6150-48d7-b094-c34286ad11a1	brain	Homo sapiens	1.5	0.1495	45	59	1.0	1.311	False
d7f5d8d0-6150-48d7-b094-c34286ad11a1	brain	Homo sapiens	2.0	0.1336	58	59	1.0	1.017	False
093d3bfe-6f0f-4ac0-a7a1-829f94d0a49f	respiratory system	Homo sapiens	0.1	0.3927	16	60	1.0	3.75	False
093d3bfe-6f0f-4ac0-a7a1-829f94d0a49f	respiratory system	Homo sapiens	0.2	0.413	19	60	1.0	3.158	False
093d3bfe-6f0f-4ac0-a7a1-829f94d0a49f	respiratory system	Homo sapiens	0.3	0.4713	22	60	1.0	2.727	False
093d3bfe-6f0f-4ac0-a7a1-829f94d0a49f	respiratory system	Homo sapiens	0.5	0.535	29	60	1.0	2.069	True
093d3bfe-6f0f-4ac0-a7a1-829f94d0a49f	respiratory system	Homo sapiens	0.8	0.5273	33	60	1.0	1.818	False
093d3bfe-6f0f-4ac0-a7a1-829f94d0a49f	respiratory system	Homo sapiens	1.0	0.5113	37	60	1.0	1.622	False
093d3bfe-6f0f-4ac0-a7a1-829f94d0a49f	respiratory system	Homo sapiens	1.5	0.5259	45	60	1.0	1.333	False
093d3bfe-6f0f-4ac0-a7a1-829f94d0a49f	respiratory system	Homo sapiens	2.0	0.5246	50	60	1.0	1.2	False
19053a82-9c89-4fb8-bd19-d7b1800b0b7b	intestine	Homo sapiens	0.1	0.3002	14	59	1.0	4.214	False
19053a82-9c89-4fb8-bd19-d7b1800b0b7b	intestine	Homo sapiens	0.2	0.426	19	59	1.0	3.105	False
19053a82-9c89-4fb8-bd19-d7b1800b0b7b	intestine	Homo sapiens	0.3	0.4231	22	59	1.0	2.682	False
19053a82-9c89-4fb8-bd19-d7b1800b0b7b	intestine	Homo sapiens	0.5	0.4319	23	59	1.0	2.565	False
19053a82-9c89-4fb8-bd19-d7b1800b0b7b	intestine	Homo sapiens	0.8	0.4663	28	59	1.0	2.107	False
19053a82-9c89-4fb8-bd19-d7b1800b0b7b	intestine	Homo sapiens	1.0	0.4594	33	59	1.0	1.788	False
19053a82-9c89-4fb8-bd19-d7b1800b0b7b	intestine	Homo sapiens	1.5	0.472	40	59	1.0	1.475	False
19053a82-9c89-4fb8-bd19-d7b1800b0b7b	intestine	Homo sapiens	2.0	0.481	46	59	1.0	1.283	True
58f43044-cd3c-42b8-bc0b-3498eb236359	central nervous system	Homo sapiens	0.1	0.4701	8	58	1.0	7.25	False
58f43044-cd3c-42b8-bc0b-3498eb236359	central nervous system	Homo sapiens	0.2	0.454	10	58	1.0	5.8	False
58f43044-cd3c-42b8-bc0b-3498eb236359	central nervous system	Homo sapiens	0.3	0.4429	14	58	1.0	4.143	False
58f43044-cd3c-42b8-bc0b-3498eb236359	central nervous system	Homo sapiens	0.5	0.4807	22	58	1.0	2.636	True
58f43044-cd3c-42b8-bc0b-3498eb236359	central nervous system	Homo sapiens	0.8	0.4515	28	58	1.0	2.071	False
58f43044-cd3c-42b8-bc0b-3498eb236359	central nervous system	Homo sapiens	1.0	0.4511	30	58	1.0	1.933	False
58f43044-cd3c-42b8-bc0b-3498eb236359	central nervous system	Homo sapiens	1.5	0.3486	37	58	1.0	1.568	False
58f43044-cd3c-42b8-bc0b-3498eb236359	central nervous system	Homo sapiens	2.0	0.3028	46	58	1.0	1.261	False
dcfd4feb-18a3-4b30-81d7-1b0c544a8ab3	embryo	Mus musculus	0.1	0.4271	14	131	1.0	9.357	False
dcfd4feb-18a3-4b30-81d7-1b0c544a8ab3	embryo	Mus musculus	0.2	0.518	21	131	1.0	6.238	False
dcfd4feb-18a3-4b30-81d7-1b0c544a8ab3	embryo	Mus musculus	0.3	0.5686	24	131	1.0	5.458	True
dcfd4feb-18a3-4b30-81d7-1b0c544a8ab3	embryo	Mus musculus	0.5	0.5654	29	131	1.0	4.517	False
dcfd4feb-18a3-4b30-81d7-1b0c544a8ab3	embryo	Mus musculus	0.8	0.566	34	131	1.0	3.853	False
dcfd4feb-18a3-4b30-81d7-1b0c544a8ab3	embryo	Mus musculus	1.0	0.5475	39	131	1.0	3.359	False
dcfd4feb-18a3-4b30-81d7-1b0c544a8ab3	embryo	Mus musculus	1.5	0.4675	48	131	1.0	2.729	False
dcfd4feb-18a3-4b30-81d7-1b0c544a8ab3	embryo	Mus musculus	2.0	0.3642	56	131	1.0	2.339	False
4c4cfb38-c2af-4524-8ef8-bbcf1b6e2670	hindlimb	Mus musculus	0.1	0.3551	10	38	1.0	3.8	True
4c4cfb38-c2af-4524-8ef8-bbcf1b6e2670	hindlimb	Mus musculus	0.2	0.2826	12	38	1.0	3.167	False
4c4cfb38-c2af-4524-8ef8-bbcf1b6e2670	hindlimb	Mus musculus	0.3	0.2485	16	38	1.0	2.375	False
4c4cfb38-c2af-4524-8ef8-bbcf1b6e2670	hindlimb	Mus musculus	0.5	0.1777	20	38	1.0	1.9	False
4c4cfb38-c2af-4524-8ef8-bbcf1b6e2670	hindlimb	Mus musculus	0.8	0.1571	30	38	1.0	1.267	False
4c4cfb38-c2af-4524-8ef8-bbcf1b6e2670	hindlimb	Mus musculus	1.0	0.1618	33	38	1.0	1.152	False
4c4cfb38-c2af-4524-8ef8-bbcf1b6e2670	hindlimb	Mus musculus	1.5	0.1221	43	38	1.132	1.0	False
4c4cfb38-c2af-4524-8ef8-bbcf1b6e2670	hindlimb	Mus musculus	2.0	0.1079	49	38	1.289	1.0	False
4c4cfb38-c2af-4524-8ef8-bbcf1b6e2670	forelimb	Mus musculus	0.1	0.1761	10	37	1.0	3.7	False
4c4cfb38-c2af-4524-8ef8-bbcf1b6e2670	forelimb	Mus musculus	0.2	0.1848	13	37	1.0	2.846	False
4c4cfb38-c2af-4524-8ef8-bbcf1b6e2670	forelimb	Mus musculus	0.3	0.2653	15	37	1.0	2.467	True
4c4cfb38-c2af-4524-8ef8-bbcf1b6e2670	forelimb	Mus musculus	0.5	0.2603	18	37	1.0	2.056	False
4c4cfb38-c2af-4524-8ef8-bbcf1b6e2670	forelimb	Mus musculus	0.8	0.2486	27	37	1.0	1.37	False
4c4cfb38-c2af-4524-8ef8-bbcf1b6e2670	forelimb	Mus musculus	1.0	0.1809	28	37	1.0	1.321	False
4c4cfb38-c2af-4524-8ef8-bbcf1b6e2670	forelimb	Mus musculus	1.5	0.1593	34	37	1.0	1.088	False
4c4cfb38-c2af-4524-8ef8-bbcf1b6e2670	forelimb	Mus musculus	2.0	0.1216	39	37	1.054	1.0	False
98e5ea9f-16d6-47ec-a529-686e76515e39	lung	Mus musculus	0.1	0.7623	10	32	1.0	3.2	True
98e5ea9f-16d6-47ec-a529-686e76515e39	lung	Mus musculus	0.2	0.6561	13	32	1.0	2.462	False
98e5ea9f-16d6-47ec-a529-686e76515e39	lung	Mus musculus	0.3	0.7199	16	32	1.0	2.0	False
98e5ea9f-16d6-47ec-a529-686e76515e39	lung	Mus musculus	0.5	0.7436	22	32	1.0	1.455	False
98e5ea9f-16d6-47ec-a529-686e76515e39	lung	Mus musculus	0.8	0.5803	24	32	1.0	1.333	False
98e5ea9f-16d6-47ec-a529-686e76515e39	lung	Mus musculus	1.0	0.4641	26	32	1.0	1.231	False
98e5ea9f-16d6-47ec-a529-686e76515e39	lung	Mus musculus	1.5	0.3228	33	32	1.031	1.0	False
98e5ea9f-16d6-47ec-a529-686e76515e39	lung	Mus musculus	2.0	0.2979	34	32	1.062	1.0	False
42bb7f78-cef8-4b0d-9bba-50037d64d8c1	kidney	Mus musculus	0.1	0.3405	11	31	1.0	2.818	True
42bb7f78-cef8-4b0d-9bba-50037d64d8c1	kidney	Mus musculus	0.2	0.3142	16	31	1.0	1.938	False
42bb7f78-cef8-4b0d-9bba-50037d64d8c1	kidney	Mus musculus	0.3	0.2874	19	31	1.0	1.632	False
42bb7f78-cef8-4b0d-9bba-50037d64d8c1	kidney	Mus musculus	0.5	0.2491	23	31	1.0	1.348	False
42bb7f78-cef8-4b0d-9bba-50037d64d8c1	kidney	Mus musculus	0.8	0.2276	26	31	1.0	1.192	False
42bb7f78-cef8-4b0d-9bba-50037d64d8c1	kidney	Mus musculus	1.0	0.1967	29	31	1.0	1.069	False
42bb7f78-cef8-4b0d-9bba-50037d64d8c1	kidney	Mus musculus	1.5	0.1604	33	31	1.065	1.0	False
42bb7f78-cef8-4b0d-9bba-50037d64d8c1	kidney	Mus musculus	2.0	0.1115	41	31	1.323	1.0	False
e056b20b-bb29-40c8-afd4-03124cf828a8	brain	Mus musculus	0.1	0.8408	10	29	1.0	2.9	True
e056b20b-bb29-40c8-afd4-03124cf828a8	brain	Mus musculus	0.2	0.6581	12	29	1.0	2.417	False
e056b20b-bb29-40c8-afd4-03124cf828a8	brain	Mus musculus	0.3	0.5185	14	29	1.0	2.071	False
e056b20b-bb29-40c8-afd4-03124cf828a8	brain	Mus musculus	0.5	0.3757	17	29	1.0	1.706	False
e056b20b-bb29-40c8-afd4-03124cf828a8	brain	Mus musculus	0.8	0.2999	25	29	1.0	1.16	False
e056b20b-bb29-40c8-afd4-03124cf828a8	brain	Mus musculus	1.0	0.212	31	29	1.069	1.0	False
e056b20b-bb29-40c8-afd4-03124cf828a8	brain	Mus musculus	1.5	0.1648	41	29	1.414	1.0	False
e056b20b-bb29-40c8-afd4-03124cf828a8	brain	Mus musculus	2.0	0.155	44	29	1.517	1.0	False
db83a61c-64d9-4266-bfcb-3d1469e42824	lymph node	Mus musculus	0.1	0.5704	11	29	1.0	2.636	False
db83a61c-64d9-4266-bfcb-3d1469e42824	lymph node	Mus musculus	0.2	0.6614	15	29	1.0	1.933	True
db83a61c-64d9-4266-bfcb-3d1469e42824	lymph node	Mus musculus	0.3	0.6611	15	29	1.0	1.933	False
db83a61c-64d9-4266-bfcb-3d1469e42824	lymph node	Mus musculus	0.5	0.5877	20	29	1.0	1.45	False
db83a61c-64d9-4266-bfcb-3d1469e42824	lymph node	Mus musculus	0.8	0.5791	23	29	1.0	1.261	False
db83a61c-64d9-4266-bfcb-3d1469e42824	lymph node	Mus musculus	1.0	0.5729	24	29	1.0	1.208	False
db83a61c-64d9-4266-bfcb-3d1469e42824	lymph node	Mus musculus	1.5	0.5837	27	29	1.0	1.074	False
db83a61c-64d9-4266-bfcb-3d1469e42824	lymph node	Mus musculus	2.0	0.5445	31	29	1.069	1.0	False
db83a61c-64d9-4266-bfcb-3d1469e42824	colon	Mus musculus	0.1	0.455	10	29	1.0	2.9	False
db83a61c-64d9-4266-bfcb-3d1469e42824	colon	Mus musculus	0.2	0.5683	12	29	1.0	2.417	False
db83a61c-64d9-4266-bfcb-3d1469e42824	colon	Mus musculus	0.3	0.6475	15	29	1.0	1.933	True
db83a61c-64d9-4266-bfcb-3d1469e42824	colon	Mus musculus	0.5	0.6239	17	29	1.0	1.706	False
db83a61c-64d9-4266-bfcb-3d1469e42824	colon	Mus musculus	0.8	0.6206	20	29	1.0	1.45	False
db83a61c-64d9-4266-bfcb-3d1469e42824	colon	Mus musculus	1.0	0.5877	21	29	1.0	1.381	False
db83a61c-64d9-4266-bfcb-3d1469e42824	colon	Mus musculus	1.5	0.5565	23	29	1.0	1.261	False
db83a61c-64d9-4266-bfcb-3d1469e42824	colon	Mus musculus	2.0	0.4836	27	29	1.0	1.074	False
23f77ae6-10af-4307-b136-76b26654ae7d	eye	Mus musculus	0.1	0.7783	21	27	1.0	1.286	True
23f77ae6-10af-4307-b136-76b26654ae7d	eye	Mus musculus	0.2	0.6819	24	27	1.0	1.125	False
23f77ae6-10af-4307-b136-76b26654ae7d	eye	Mus musculus	0.3	0.6382	28	27	1.037	1.0	False
23f77ae6-10af-4307-b136-76b26654ae7d	eye	Mus musculus	0.5	0.5414	35	27	1.296	1.0	False
23f77ae6-10af-4307-b136-76b26654ae7d	eye	Mus musculus	0.8	0.4788	44	27	1.63	1.0	False
23f77ae6-10af-4307-b136-76b26654ae7d	eye	Mus musculus	1.0	0.4324	45	27	1.667	1.0	False
23f77ae6-10af-4307-b136-76b26654ae7d	eye	Mus musculus	1.5	0.3814	55	27	2.037	1.0	False
23f77ae6-10af-4307-b136-76b26654ae7d	eye	Mus musculus	2.0	0.335	65	27	2.407	1.0	False
2a262b59-7936-4ecd-b656-248247a0559f	urethra	Mus musculus	0.1	0.4119	9	26	1.0	2.889	True
2a262b59-7936-4ecd-b656-248247a0559f	urethra	Mus musculus	0.2	0.3857	15	26	1.0	1.733	False
2a262b59-7936-4ecd-b656-248247a0559f	urethra	Mus musculus	0.3	0.3695	18	26	1.0	1.444	False
2a262b59-7936-4ecd-b656-248247a0559f	urethra	Mus musculus	0.5	0.3625	25	26	1.0	1.04	False
2a262b59-7936-4ecd-b656-248247a0559f	urethra	Mus musculus	0.8	0.3623	30	26	1.154	1.0	False
2a262b59-7936-4ecd-b656-248247a0559f	urethra	Mus musculus	1.0	0.3075	33	26	1.269	1.0	False
2a262b59-7936-4ecd-b656-248247a0559f	urethra	Mus musculus	1.5	0.2663	43	26	1.654	1.0	False
2a262b59-7936-4ecd-b656-248247a0559f	urethra	Mus musculus	2.0	0.2542	49	26	1.885	1.0	False
