gene	cell_type	organism	tissue	n_datasets	mean_AUC	sd_AUC	ci_lower	ci_upper	mw_pval	reliability_score
PECAM1	Endothelial	Homo sapiens	multiple	10	0.9024	0.0733	0.8913	0.9129	0.00e+00	0.8363
NKG7	NK cells	Mus musculus	multiple	8	0.9301	0.1098	0.9122	0.9472	0.00e+00	0.828
KLRD1	NK cells	Homo sapiens	multiple	9	0.8898	0.0834	0.8669	0.9114	0.00e+00	0.8156
PECAM1	Endothelial	Mus musculus	multiple	17	0.8682	0.0924	0.8533	0.8832	0.00e+00	0.788
NKG7	NK cells	Homo sapiens	multiple	9	0.9037	0.1337	0.885	0.9204	0.00e+00	0.7828
COL1A2	Fibroblasts	Homo sapiens	multiple	11	0.8646	0.0967	0.8547	0.8739	0.00e+00	0.781
DCN	Fibroblasts	Homo sapiens	multiple	11	0.8687	0.1126	0.8591	0.8779	0.00e+00	0.7709
ALB	Hepatocytes	Homo sapiens	multiple	7	0.9016	0.1532	0.8952	0.9072	1.32e-01	0.7634
MRC1	Macrophages	Homo sapiens	multiple	9	0.8365	0.0934	0.8256	0.8472	1.41e-230	0.7583
COL1A2	Fibroblasts	Mus musculus	multiple	14	0.8553	0.1343	0.8402	0.8734	0.00e+00	0.7405
C1QA	Macrophages	Homo sapiens	multiple	10	0.8512	0.1337	0.8426	0.8594	0.00e+00	0.7374
CDH5	Endothelial	Mus musculus	multiple	17	0.8317	0.1139	0.8151	0.8474	0.00e+00	0.7369
CDH5	Endothelial	Homo sapiens	multiple	11	0.8172	0.1006	0.8033	0.8304	0.00e+00	0.735
GNLY	NK cells	Homo sapiens	multiple	9	0.8303	0.1152	0.7916	0.8604	0.00e+00	0.7347
VWF	Endothelial	Homo sapiens	multiple	11	0.8383	0.1346	0.8265	0.8503	1.39e-258	0.7255
ALB	Hepatocytes	Mus musculus	multiple	4	0.9485	0.0543	0.9437	0.9526	1.00e+00	0.7176
TTR	Hepatocytes	Homo sapiens	multiple	6	0.8544	0.1602	0.8503	0.859	4.05e-01	0.7175
APOB	Hepatocytes	Homo sapiens	multiple	7	0.8434	0.1573	0.8341	0.8523	4.99e-01	0.7107
COL1A1	Fibroblasts	Homo sapiens	multiple	11	0.793	0.1098	0.7814	0.8042	0.00e+00	0.7059
KLRD1	NK cells	Mus musculus	multiple	9	0.8349	0.1625	0.8092	0.8585	1.28e-296	0.6992
TTR	Hepatocytes	Mus musculus	multiple	4	0.9358	0.075	0.9162	0.9507	1.00e+00	0.6925
DCN	Fibroblasts	Mus musculus	multiple	14	0.8378	0.1757	0.8298	0.8448	3.48e-255	0.6906
C1QA	Macrophages	Mus musculus	multiple	16	0.8179	0.1733	0.8052	0.8304	0.00e+00	0.6762
CD4	Macrophages	Homo sapiens	multiple	10	0.7399	0.102	0.7289	0.7508	0.00e+00	0.6644
CD3E	T cells	Homo sapiens	multiple	11	0.757	0.128	0.747	0.767	0.00e+00	0.6601
CD68	Macrophages	Mus musculus	multiple	16	0.7736	0.1469	0.7594	0.7881	0.00e+00	0.6599
MRC1	Macrophages	Mus musculus	multiple	17	0.7596	0.1316	0.7445	0.7743	0.00e+00	0.6597
COL1A1	Fibroblasts	Mus musculus	multiple	14	0.7784	0.1589	0.7598	0.8015	1.00e-205	0.6547
CD3E	T cells	Mus musculus	multiple	12	0.774	0.1626	0.7549	0.7928	0.00e+00	0.6482
CD3D	T cells	Mus musculus	multiple	13	0.7898	0.1808	0.7721	0.8084	0.00e+00	0.647
CD3D	T cells	Homo sapiens	multiple	11	0.7435	0.1319	0.7342	0.7531	0.00e+00	0.6454
GNLY	NK cells	Mus musculus	multiple	8	0.745	0.1358	0.7109	0.7801	0.00e+00	0.6439
LUM	Fibroblasts	Homo sapiens	multiple	11	0.7473	0.1497	0.7374	0.7573	0.00e+00	0.6354
LUM	Fibroblasts	Mus musculus	multiple	13	0.7397	0.1531	0.7242	0.7545	0.00e+00	0.6264
NKG7	T cells	Mus musculus	multiple	12	0.7168	0.1318	0.6932	0.7403	0.00e+00	0.6223
CD68	Macrophages	Homo sapiens	multiple	10	0.7338	0.152	0.7246	0.7423	0.00e+00	0.6222
PECAM1	Macrophages	Homo sapiens	multiple	9	0.6434	0.0659	0.632	0.6545	0.00e+00	0.601
CD8A	T cells	Homo sapiens	multiple	11	0.6358	0.0885	0.6266	0.6448	0.00e+00	0.5795
MARCO	Macrophages	Homo sapiens	multiple	10	0.6479	0.1157	0.6389	0.6565	0.00e+00	0.5729
CYP3A4	Hepatocytes	Homo sapiens	multiple	7	0.6737	0.1704	0.6671	0.6806	4.12e-130	0.5589
KLRD1	T cells	Mus musculus	multiple	13	0.5971	0.0639	0.5772	0.6162	0.00e+00	0.5589
NKG7	T cells	Homo sapiens	multiple	11	0.6132	0.0892	0.6037	0.6228	0.00e+00	0.5586
CD8A	T cells	Mus musculus	multiple	13	0.6135	0.0912	0.5954	0.6334	0.00e+00	0.5576
VWF	Endothelial	Mus musculus	multiple	17	0.6114	0.091	0.5978	0.6261	0.00e+00	0.5558
APOB	Hepatocytes	Mus musculus	multiple	4	0.8087	0.1531	0.7904	0.8318	1.71e-167	0.5479
CD4	T cells	Mus musculus	multiple	13	0.5725	0.0599	0.558	0.5904	0.00e+00	0.5382
CYP3A4	Hepatocytes	Mus musculus	multiple	4	0.7823	0.1561	0.7534	0.8112	9.99e-256	0.5281
CD8A	NK cells	Homo sapiens	multiple	9	0.5706	0.0864	0.5385	0.6096	0.00e+00	0.5212
KLRD1	T cells	Homo sapiens	multiple	11	0.5688	0.0923	0.5595	0.5783	0.00e+00	0.5163
GNLY	T cells	Homo sapiens	multiple	11	0.532	0.0378	0.5247	0.5398	0.00e+00	0.5119
GNLY	T cells	Mus musculus	multiple	12	0.522	0.0265	0.5142	0.5303	0.00e+00	0.5081
CD3D	NK cells	Mus musculus	multiple	9	0.5732	0.1283	0.5463	0.6006	0.00e+00	0.4997
MARCO	Fibroblasts	Mus musculus	multiple	9	0.4995	0.0062	0.4961	0.5036	3.59e-14	0.4964
MARCO	Endothelial	Mus musculus	multiple	12	0.4986	0.0053	0.4973	0.5002	7.82e-28	0.496
MARCO	T cells	Mus musculus	multiple	11	0.4979	0.005	0.497	0.4992	6.90e-105	0.4954
MARCO	Macrophages	Mus musculus	multiple	12	0.5231	0.0562	0.5193	0.5272	0.00e+00	0.4937
MARCO	NK cells	Mus musculus	multiple	8	0.4968	0.0067	0.4946	0.5001	6.95e-01	0.4935
GNLY	Endothelial	Mus musculus	multiple	16	0.4954	0.0095	0.493	0.4984	2.41e-82	0.4906
GNLY	Macrophages	Mus musculus	multiple	16	0.496	0.0109	0.4937	0.4986	3.67e-119	0.4906
DCN	Hepatocytes	Homo sapiens	multiple	7	0.4991	0.0195	0.4936	0.5053	1.34e-119	0.4894
KLRD1	Macrophages	Mus musculus	multiple	17	0.5187	0.0572	0.5118	0.526	0.00e+00	0.489
LUM	Hepatocytes	Homo sapiens	multiple	7	0.4993	0.0211	0.4947	0.5049	1.95e-48	0.4887
VWF	Macrophages	Mus musculus	multiple	17	0.4981	0.0194	0.4939	0.5028	0.00e+00	0.4885
GNLY	Fibroblasts	Mus musculus	multiple	13	0.4936	0.0132	0.4912	0.4972	1.48e-15	0.4871
VWF	Hepatocytes	Homo sapiens	multiple	7	0.4948	0.0157	0.4905	0.4993	1.67e-72	0.487
CYP3A4	T cells	Homo sapiens	multiple	11	0.4943	0.0165	0.493	0.4958	0.00e+00	0.4861
CYP3A4	Endothelial	Homo sapiens	multiple	11	0.5006	0.0305	0.4991	0.5024	3.02e-95	0.4854
CD4	Macrophages	Mus musculus	multiple	17	0.5166	0.0609	0.5084	0.5261	0.00e+00	0.4852
TTR	Fibroblasts	Homo sapiens	multiple	9	0.505	0.0393	0.5004	0.5095	0.00e+00	0.4851
VWF	Fibroblasts	Mus musculus	multiple	14	0.4965	0.0235	0.4913	0.5032	0.00e+00	0.4849
KLRD1	Fibroblasts	Mus musculus	multiple	14	0.4903	0.0113	0.4877	0.4939	5.11e-111	0.4847
CYP3A4	Macrophages	Homo sapiens	multiple	10	0.4944	0.02	0.4934	0.4955	4.12e-186	0.4846
CYP3A4	Fibroblasts	Homo sapiens	multiple	11	0.5013	0.0358	0.4995	0.5032	9.32e-42	0.4834
CYP3A4	NK cells	Homo sapiens	multiple	9	0.4943	0.0239	0.4924	0.4977	2.65e-299	0.4825
CD8A	NK cells	Mus musculus	multiple	9	0.513	0.0624	0.5015	0.5269	0.00e+00	0.481
APOB	Fibroblasts	Homo sapiens	multiple	11	0.4999	0.0387	0.4969	0.5035	0.00e+00	0.4806
TTR	Macrophages	Homo sapiens	multiple	9	0.4957	0.031	0.4937	0.498	3.67e-304	0.4803
CD3E	NK cells	Mus musculus	multiple	8	0.5549	0.1355	0.5348	0.5788	0.00e+00	0.4797
APOB	Endothelial	Homo sapiens	multiple	11	0.4963	0.0336	0.4944	0.4985	0.00e+00	0.4796
TTR	Endothelial	Homo sapiens	multiple	9	0.4957	0.0334	0.4923	0.4995	0.00e+00	0.4792
APOB	T cells	Homo sapiens	multiple	11	0.4903	0.0234	0.489	0.4916	0.00e+00	0.4788
VWF	T cells	Mus musculus	multiple	13	0.4867	0.0178	0.4832	0.4909	8.83e-222	0.478
VWF	NK cells	Mus musculus	multiple	9	0.487	0.0187	0.4833	0.492	5.28e-26	0.4779
KLRD1	Endothelial	Mus musculus	multiple	17	0.486	0.0181	0.483	0.4895	0.00e+00	0.4772
CD3E	NK cells	Homo sapiens	multiple	9	0.539	0.1162	0.5174	0.5653	0.00e+00	0.4763
GNLY	Endothelial	Homo sapiens	multiple	11	0.4925	0.0336	0.4874	0.4984	0.00e+00	0.4759
APOB	NK cells	Homo sapiens	multiple	9	0.4896	0.0291	0.4884	0.491	0.00e+00	0.4754
NKG7	Macrophages	Mus musculus	multiple	16	0.487	0.0244	0.4826	0.4918	0.00e+00	0.4751
MRC1	Endothelial	Homo sapiens	multiple	10	0.5371	0.1165	0.528	0.5471	0.00e+00	0.4746
TTR	T cells	Homo sapiens	multiple	9	0.4861	0.0262	0.4828	0.4896	0.00e+00	0.4734
APOB	Macrophages	Homo sapiens	multiple	10	0.4895	0.0333	0.4884	0.4908	1.36e-164	0.4732
COL1A1	Hepatocytes	Homo sapiens	multiple	7	0.5124	0.0768	0.5039	0.5213	0.00e+00	0.473
NKG7	Fibroblasts	Mus musculus	multiple	13	0.4839	0.0248	0.4814	0.4873	1.93e-72	0.4719
GNLY	Macrophages	Homo sapiens	multiple	10	0.4841	0.0253	0.4806	0.488	0.00e+00	0.4719
CD4	T cells	Homo sapiens	multiple	11	0.5027	0.0618	0.4946	0.5109	0.00e+00	0.4716
CD4	NK cells	Mus musculus	multiple	9	0.4995	0.0571	0.4935	0.5069	8.45e-141	0.471
ALB	Macrophages	Homo sapiens	multiple	10	0.4978	0.062	0.4959	0.4998	0.00e+00	0.4669
COL1A2	Hepatocytes	Homo sapiens	multiple	7	0.5046	0.0756	0.4979	0.5129	0.00e+00	0.4665
MARCO	Endothelial	Homo sapiens	multiple	11	0.4777	0.0243	0.4749	0.4808	0.00e+00	0.4661
NKG7	Endothelial	Mus musculus	multiple	16	0.4805	0.0306	0.4755	0.4866	0.00e+00	0.4658
CDH5	Fibroblasts	Homo sapiens	multiple	11	0.4794	0.0287	0.4752	0.4839	0.00e+00	0.4657
PECAM1	T cells	Mus musculus	multiple	13	0.4977	0.065	0.4805	0.5169	0.00e+00	0.4654
CD8A	Macrophages	Mus musculus	multiple	16	0.4902	0.0513	0.4869	0.4936	4.12e-288	0.465
ALB	Fibroblasts	Homo sapiens	multiple	11	0.505	0.0807	0.5011	0.5092	8.78e-260	0.4642
GNLY	Fibroblasts	Homo sapiens	multiple	11	0.4766	0.0264	0.4736	0.48	0.00e+00	0.464
CD4	Endothelial	Mus musculus	multiple	17	0.4844	0.0425	0.4812	0.4885	4.14e-183	0.4638
CD8A	Endothelial	Mus musculus	multiple	16	0.4855	0.045	0.4822	0.4896	8.18e-187	0.4637
ALB	Endothelial	Homo sapiens	multiple	11	0.5005	0.0753	0.4979	0.5032	0.00e+00	0.4628
PECAM1	NK cells	Mus musculus	multiple	9	0.5034	0.0814	0.4744	0.5359	2.08e-259	0.4624
CDH5	Macrophages	Homo sapiens	multiple	10	0.4865	0.0495	0.4836	0.4896	0.00e+00	0.4624
KLRD1	Fibroblasts	Homo sapiens	multiple	11	0.4897	0.0579	0.4831	0.4967	0.00e+00	0.4613
MARCO	Fibroblasts	Homo sapiens	multiple	11	0.4741	0.0274	0.4713	0.4773	0.00e+00	0.4611
TTR	NK cells	Homo sapiens	multiple	7	0.4803	0.0404	0.4768	0.4851	0.00e+00	0.4609
VWF	Macrophages	Homo sapiens	multiple	10	0.4742	0.0319	0.4699	0.4788	0.00e+00	0.4591
ALB	T cells	Homo sapiens	multiple	11	0.4824	0.0485	0.4805	0.4845	1.01e-288	0.459
MARCO	NK cells	Homo sapiens	multiple	9	0.4709	0.0278	0.4678	0.4752	0.00e+00	0.4578
CDH5	Hepatocytes	Homo sapiens	multiple	7	0.473	0.0323	0.4704	0.476	0.00e+00	0.4577
CD68	Fibroblasts	Homo sapiens	multiple	11	0.4863	0.0602	0.4791	0.4936	0.00e+00	0.457
MRC1	Fibroblasts	Mus musculus	multiple	14	0.4746	0.0381	0.4668	0.4831	1.02e-190	0.4565
CDH5	NK cells	Homo sapiens	multiple	9	0.4692	0.0279	0.4662	0.4736	0.00e+00	0.4561
MARCO	T cells	Homo sapiens	multiple	11	0.4682	0.0295	0.4661	0.4705	0.00e+00	0.4544
KLRD1	Endothelial	Homo sapiens	multiple	11	0.4739	0.0443	0.4666	0.4817	0.00e+00	0.4529
CDH5	Macrophages	Mus musculus	multiple	17	0.4978	0.0915	0.4925	0.5037	0.00e+00	0.4522
CDH5	T cells	Homo sapiens	multiple	11	0.4653	0.0299	0.463	0.4677	0.00e+00	0.4514
PECAM1	Macrophages	Mus musculus	multiple	17	0.4758	0.0524	0.4668	0.4853	0.00e+00	0.4509
VWF	Fibroblasts	Homo sapiens	multiple	11	0.4712	0.0436	0.4667	0.4761	0.00e+00	0.4507
VWF	NK cells	Homo sapiens	multiple	9	0.4652	0.0316	0.4558	0.4768	8.31e-306	0.4504
CD4	Fibroblasts	Mus musculus	multiple	14	0.4773	0.0566	0.4752	0.4805	7.06e-74	0.4503
CDH5	Fibroblasts	Mus musculus	multiple	14	0.4876	0.0775	0.4795	0.4961	0.00e+00	0.4498
CD8A	Fibroblasts	Mus musculus	multiple	13	0.4787	0.0617	0.4773	0.4801	8.00e-35	0.4492
APOB	T cells	Mus musculus	multiple	12	0.4792	0.0636	0.4765	0.4822	4.72e-155	0.4487
NKG7	Macrophages	Homo sapiens	multiple	10	0.4823	0.0706	0.4763	0.4882	0.00e+00	0.4483
KLRD1	Hepatocytes	Homo sapiens	multiple	7	0.4781	0.0626	0.4715	0.4847	0.00e+00	0.4482
MRC1	Endothelial	Mus musculus	multiple	17	0.5117	0.1263	0.504	0.5201	0.00e+00	0.4471
ALB	NK cells	Homo sapiens	multiple	9	0.4756	0.0602	0.4738	0.4776	0.00e+00	0.4469
GNLY	Hepatocytes	Homo sapiens	multiple	7	0.466	0.0416	0.4624	0.4704	3.22e-240	0.4466
APOB	Macrophages	Mus musculus	multiple	16	0.48	0.0714	0.4774	0.4832	0.00e+00	0.4458
APOB	Endothelial	Mus musculus	multiple	16	0.4746	0.0636	0.4724	0.4771	0.00e+00	0.4445
APOB	Fibroblasts	Mus musculus	multiple	13	0.4745	0.0656	0.4668	0.4858	4.00e-261	0.4434
CD3D	NK cells	Homo sapiens	multiple	9	0.5111	0.1327	0.4923	0.5405	0.00e+00	0.4432
MARCO	Hepatocytes	Homo sapiens	multiple	7	0.463	0.0466	0.4598	0.4668	0.00e+00	0.4414
C1QA	Endothelial	Homo sapiens	multiple	11	0.4595	0.041	0.4536	0.466	0.00e+00	0.4407
CD68	Endothelial	Homo sapiens	multiple	11	0.4591	0.0409	0.4544	0.4641	0.00e+00	0.4403
CD8A	Macrophages	Homo sapiens	multiple	10	0.4612	0.0458	0.458	0.4646	0.00e+00	0.44
VWF	T cells	Homo sapiens	multiple	11	0.4575	0.0383	0.4538	0.4613	0.00e+00	0.4399
ALB	Fibroblasts	Mus musculus	multiple	9	0.4769	0.0783	0.4719	0.4826	9.18e-181	0.4396
CYP3A4	T cells	Mus musculus	multiple	7	0.4745	0.0748	0.4714	0.4781	9.78e-148	0.439
KLRD1	Macrophages	Homo sapiens	multiple	10	0.457	0.0396	0.4518	0.4623	0.00e+00	0.4389
ALB	T cells	Mus musculus	multiple	10	0.4765	0.0789	0.4727	0.481	2.31e-208	0.4389
CD3E	Endothelial	Mus musculus	multiple	16	0.4713	0.0689	0.467	0.4762	0.00e+00	0.4389
MRC1	T cells	Mus musculus	multiple	13	0.4648	0.0568	0.4586	0.4715	0.00e+00	0.4384
PECAM1	Fibroblasts	Mus musculus	multiple	14	0.4592	0.0455	0.4455	0.4774	0.00e+00	0.4383
CD3D	Endothelial	Mus musculus	multiple	17	0.4707	0.0703	0.4662	0.476	0.00e+00	0.4376
CD68	Hepatocytes	Homo sapiens	multiple	7	0.4575	0.044	0.4499	0.4656	0.00e+00	0.4374
CD3E	Macrophages	Mus musculus	multiple	16	0.4703	0.0715	0.4669	0.4738	0.00e+00	0.4366
C1QA	Fibroblasts	Homo sapiens	multiple	11	0.4617	0.0546	0.4548	0.469	0.00e+00	0.4365
CD8A	Endothelial	Homo sapiens	multiple	11	0.4681	0.0676	0.4649	0.4714	0.00e+00	0.4364
CD3D	Macrophages	Mus musculus	multiple	17	0.4702	0.0725	0.466	0.4744	0.00e+00	0.4361
CDH5	T cells	Mus musculus	multiple	13	0.4574	0.0475	0.4529	0.4628	0.00e+00	0.4357
CD4	Endothelial	Homo sapiens	multiple	11	0.4758	0.0849	0.4704	0.4814	0.00e+00	0.4354
CD8A	Hepatocytes	Homo sapiens	multiple	7	0.4532	0.0394	0.4501	0.4565	0.00e+00	0.4353
ALB	Endothelial	Mus musculus	multiple	12	0.4734	0.0809	0.4701	0.477	3.52e-102	0.4351
ALB	Macrophages	Mus musculus	multiple	12	0.4747	0.085	0.4715	0.4783	1.67e-228	0.4344
CD68	Fibroblasts	Mus musculus	multiple	13	0.4645	0.0653	0.4536	0.4812	5.16e-245	0.4342
CYP3A4	Macrophages	Mus musculus	multiple	9	0.4712	0.0818	0.4683	0.474	1.92e-146	0.4326
C1QA	NK cells	Mus musculus	multiple	8	0.4552	0.0521	0.4396	0.4734	1.88e-118	0.4315
CD8A	Fibroblasts	Homo sapiens	multiple	11	0.4549	0.0532	0.4522	0.4578	0.00e+00	0.4307
CD4	Fibroblasts	Homo sapiens	multiple	11	0.4553	0.0548	0.449	0.4619	0.00e+00	0.4303
CYP3A4	Endothelial	Mus musculus	multiple	9	0.4683	0.0826	0.4656	0.4713	9.34e-101	0.4296
C1QA	Fibroblasts	Mus musculus	multiple	13	0.4564	0.0591	0.4458	0.4678	2.06e-284	0.4294
CD68	T cells	Mus musculus	multiple	12	0.4597	0.0686	0.4514	0.4706	0.00e+00	0.4282
MRC1	Fibroblasts	Homo sapiens	multiple	10	0.4501	0.0541	0.4444	0.456	0.00e+00	0.4257
LUM	Endothelial	Homo sapiens	multiple	11	0.4548	0.0668	0.4502	0.4596	0.00e+00	0.4244
CD3D	Fibroblasts	Mus musculus	multiple	14	0.4638	0.0856	0.4616	0.4664	2.80e-155	0.4241
CD3E	Fibroblasts	Mus musculus	multiple	13	0.4643	0.087	0.4618	0.4673	1.61e-181	0.4239
CYP3A4	Fibroblasts	Mus musculus	multiple	7	0.463	0.0851	0.4568	0.4691	6.49e-69	0.4235
CD68	Endothelial	Mus musculus	multiple	16	0.4544	0.0698	0.4491	0.461	0.00e+00	0.4227
TTR	Endothelial	Mus musculus	multiple	17	0.4695	0.0998	0.4636	0.4771	0.00e+00	0.4226
CD4	Hepatocytes	Homo sapiens	multiple	7	0.4406	0.0419	0.4343	0.4471	3.99e-303	0.4221
MRC1	NK cells	Homo sapiens	multiple	8	0.4415	0.0461	0.431	0.4567	0.00e+00	0.4212
C1QA	NK cells	Homo sapiens	multiple	9	0.4393	0.0427	0.4298	0.4508	0.00e+00	0.4205
MRC1	NK cells	Mus musculus	multiple	9	0.4471	0.0608	0.441	0.4553	1.03e-194	0.4199
PECAM1	NK cells	Homo sapiens	multiple	8	0.438	0.0449	0.4172	0.4674	0.00e+00	0.4183
CD68	NK cells	Homo sapiens	multiple	9	0.4417	0.0533	0.4385	0.4452	0.00e+00	0.4181
LUM	NK cells	Mus musculus	multiple	8	0.4501	0.0711	0.439	0.4637	3.16e-50	0.4181
TTR	Macrophages	Mus musculus	multiple	17	0.4639	0.0998	0.4587	0.4697	0.00e+00	0.4176
TTR	Fibroblasts	Mus musculus	multiple	14	0.4643	0.1012	0.4536	0.4811	4.64e-264	0.4173
CDH5	NK cells	Mus musculus	multiple	9	0.4442	0.0606	0.4404	0.4493	9.88e-134	0.4173
LUM	Macrophages	Homo sapiens	multiple	10	0.4498	0.073	0.4461	0.4536	0.00e+00	0.417
TTR	T cells	Mus musculus	multiple	13	0.4625	0.0993	0.4569	0.4688	1.73e-285	0.4166
NKG7	Endothelial	Homo sapiens	multiple	11	0.4448	0.0644	0.4412	0.4489	0.00e+00	0.4162
MRC1	T cells	Homo sapiens	multiple	10	0.4344	0.0445	0.43	0.4393	0.00e+00	0.4151
MRC1	Hepatocytes	Homo sapiens	multiple	6	0.4394	0.0574	0.4326	0.4466	7.97e-281	0.4142
NKG7	Fibroblasts	Homo sapiens	multiple	11	0.441	0.0642	0.4369	0.4455	0.00e+00	0.4126
APOB	NK cells	Mus musculus	multiple	8	0.4522	0.0888	0.4444	0.4627	6.10e-79	0.412
CD68	T cells	Homo sapiens	multiple	11	0.4363	0.0578	0.4328	0.4401	0.00e+00	0.411
CD4	NK cells	Homo sapiens	multiple	9	0.4282	0.0408	0.4242	0.4331	0.00e+00	0.4107
C1QA	T cells	Homo sapiens	multiple	11	0.4332	0.052	0.428	0.4385	0.00e+00	0.4107
C1QA	T cells	Mus musculus	multiple	12	0.4507	0.0896	0.4414	0.4607	0.00e+00	0.4103
PECAM1	T cells	Homo sapiens	multiple	10	0.4371	0.0649	0.4294	0.4454	0.00e+00	0.4087
LUM	T cells	Homo sapiens	multiple	11	0.4436	0.082	0.4395	0.4476	0.00e+00	0.4072
C1QA	Endothelial	Mus musculus	multiple	16	0.4447	0.0873	0.4351	0.4554	0.00e+00	0.4058
CD68	NK cells	Mus musculus	multiple	8	0.4377	0.0738	0.4278	0.4501	0.00e+00	0.4054
ALB	NK cells	Mus musculus	multiple	7	0.4509	0.102	0.4395	0.4643	6.01e-81	0.4049
COL1A1	NK cells	Mus musculus	multiple	9	0.4396	0.0789	0.4267	0.4556	2.47e-69	0.4049
DCN	Endothelial	Homo sapiens	multiple	11	0.44	0.0804	0.4321	0.4485	0.00e+00	0.4046
CD3D	Hepatocytes	Homo sapiens	multiple	7	0.4366	0.0759	0.4324	0.4417	0.00e+00	0.4035
C1QA	Hepatocytes	Homo sapiens	multiple	7	0.4325	0.0682	0.4257	0.4403	4.27e-305	0.403
COL1A1	Endothelial	Homo sapiens	multiple	11	0.4349	0.0737	0.4284	0.4421	0.00e+00	0.4029
DCN	NK cells	Mus musculus	multiple	9	0.4356	0.0754	0.4167	0.4559	1.61e-66	0.4028
LUM	NK cells	Homo sapiens	multiple	9	0.4367	0.0794	0.4323	0.4421	0.00e+00	0.4021
DCN	Macrophages	Homo sapiens	multiple	10	0.4325	0.0788	0.4263	0.4388	0.00e+00	0.3984
TTR	NK cells	Mus musculus	multiple	9	0.4435	0.1034	0.4363	0.4527	1.90e-121	0.3976
LUM	Macrophages	Mus musculus	multiple	16	0.4368	0.0912	0.4315	0.4425	0.00e+00	0.3969
COL1A1	T cells	Homo sapiens	multiple	11	0.4317	0.0871	0.4265	0.4373	0.00e+00	0.3941
PECAM1	Hepatocytes	Homo sapiens	multiple	6	0.4185	0.0637	0.4118	0.426	4.10e-300	0.3919
COL1A1	Macrophages	Homo sapiens	multiple	10	0.4259	0.08	0.4211	0.4308	0.00e+00	0.3918
LUM	Endothelial	Mus musculus	multiple	16	0.4296	0.0894	0.4226	0.4383	0.00e+00	0.3913
CD3D	Macrophages	Homo sapiens	multiple	10	0.4298	0.0898	0.4262	0.4333	0.00e+00	0.3912
COL1A1	Macrophages	Mus musculus	multiple	17	0.4293	0.089	0.4231	0.4361	0.00e+00	0.3911
PECAM1	Fibroblasts	Homo sapiens	multiple	10	0.4166	0.0619	0.4101	0.4237	0.00e+00	0.3908
CD3E	Macrophages	Homo sapiens	multiple	10	0.4281	0.0883	0.4246	0.4318	0.00e+00	0.3903
COL1A2	Endothelial	Homo sapiens	multiple	11	0.4334	0.1005	0.4256	0.4415	0.00e+00	0.3898
CD3E	Hepatocytes	Homo sapiens	multiple	7	0.4238	0.0815	0.4202	0.4284	0.00e+00	0.3893
CD3D	Endothelial	Homo sapiens	multiple	11	0.4275	0.0905	0.4239	0.4316	0.00e+00	0.3888
VWF	Hepatocytes	Mus musculus	multiple	4	0.507	0.0415	0.5034	0.5105	3.03e-63	0.3888
LUM	Hepatocytes	Mus musculus	multiple	4	0.4908	0.0133	0.4877	0.4939	3.15e-134	0.3874
CD3E	Endothelial	Homo sapiens	multiple	11	0.425	0.0898	0.4215	0.4289	0.00e+00	0.3869
COL1A2	NK cells	Mus musculus	multiple	9	0.4241	0.0894	0.4094	0.4413	4.44e-81	0.3862
COL1A1	Hepatocytes	Mus musculus	multiple	4	0.4883	0.0183	0.485	0.4914	5.30e-57	0.3835
LUM	T cells	Mus musculus	multiple	12	0.4263	0.1032	0.4194	0.4345	0.00e+00	0.3824
COL1A1	Endothelial	Mus musculus	multiple	17	0.4188	0.0955	0.412	0.4266	0.00e+00	0.3788
CD3D	Fibroblasts	Homo sapiens	multiple	11	0.4188	0.096	0.4153	0.4225	0.00e+00	0.3786
CD3E	Fibroblasts	Homo sapiens	multiple	11	0.4174	0.0947	0.4135	0.4215	0.00e+00	0.3779
COL1A1	NK cells	Homo sapiens	multiple	9	0.4137	0.0887	0.4089	0.4193	0.00e+00	0.377
COL1A1	T cells	Mus musculus	multiple	13	0.4206	0.1039	0.4133	0.4288	0.00e+00	0.3768
DCN	Macrophages	Mus musculus	multiple	17	0.4211	0.1079	0.4111	0.4321	0.00e+00	0.3756
GNLY	Hepatocytes	Mus musculus	multiple	4	0.4772	0.0169	0.4747	0.4797	1.07e-89	0.3753
DCN	Endothelial	Mus musculus	multiple	17	0.4198	0.1118	0.4082	0.433	0.00e+00	0.3729
COL1A2	Macrophages	Homo sapiens	multiple	10	0.4077	0.0953	0.4022	0.4133	0.00e+00	0.3688
DCN	NK cells	Homo sapiens	multiple	9	0.4014	0.087	0.3882	0.4168	0.00e+00	0.3665
COL1A2	T cells	Homo sapiens	multiple	11	0.406	0.0983	0.4003	0.4118	0.00e+00	0.3661
MARCO	Hepatocytes	Mus musculus	multiple	4	0.4687	0.0274	0.465	0.4723	3.01e-258	0.3647
DCN	T cells	Homo sapiens	multiple	11	0.4031	0.0973	0.397	0.4094	0.00e+00	0.3639
COL1A2	Hepatocytes	Mus musculus	multiple	4	0.4717	0.037	0.4683	0.4755	6.10e-242	0.3634
COL1A2	Macrophages	Mus musculus	multiple	17	0.406	0.1085	0.3992	0.4133	0.00e+00	0.362
NKG7	Hepatocytes	Homo sapiens	multiple	7	0.3985	0.0953	0.3938	0.4035	0.00e+00	0.3605
KLRD1	Hepatocytes	Mus musculus	multiple	4	0.4608	0.0238	0.4577	0.4645	0.00e+00	0.3599
DCN	T cells	Mus musculus	multiple	13	0.4038	0.1088	0.3928	0.4157	0.00e+00	0.3599
COL1A2	Endothelial	Mus musculus	multiple	17	0.4062	0.1174	0.3969	0.4166	0.00e+00	0.3585
COL1A2	T cells	Mus musculus	multiple	13	0.4004	0.1117	0.3925	0.4089	0.00e+00	0.3557
COL1A2	NK cells	Homo sapiens	multiple	9	0.3926	0.0969	0.3855	0.4016	0.00e+00	0.3545
DCN	Hepatocytes	Mus musculus	multiple	4	0.4595	0.0363	0.4525	0.4658	9.68e-310	0.3543
CD8A	Hepatocytes	Mus musculus	multiple	4	0.4571	0.047	0.454	0.4598	9.73e-108	0.3485
CD4	Hepatocytes	Mus musculus	multiple	4	0.4496	0.0489	0.4459	0.453	1.54e-258	0.3421
NKG7	Hepatocytes	Mus musculus	multiple	4	0.436	0.0464	0.4317	0.4403	6.49e-201	0.3326
CD3E	Hepatocytes	Mus musculus	multiple	4	0.4306	0.0485	0.4269	0.4343	0.00e+00	0.3278
CD3D	Hepatocytes	Mus musculus	multiple	4	0.4247	0.0515	0.4205	0.4289	1.02e-149	0.3223
CYP3A4	NK cells	Mus musculus	multiple	4	0.4326	0.1016	0.4233	0.4422	4.10e-80	0.3109
PECAM1	Hepatocytes	Mus musculus	multiple	4	0.3682	0.0977	0.3618	0.3746	1.53e-283	0.2658
C1QA	Hepatocytes	Mus musculus	multiple	4	0.3693	0.1445	0.3638	0.3756	1.53e-26	0.2527
CDH5	Hepatocytes	Mus musculus	multiple	4	0.3375	0.1461	0.3318	0.3434	6.72e-140	0.2306
MRC1	Hepatocytes	Mus musculus	multiple	4	0.3151	0.1427	0.3044	0.3323	2.94e-126	0.2161
CD68	Hepatocytes	Mus musculus	multiple	3	0.3687	0.1319	0.3648	0.3723	1.09e-06	0.1921
