pathway_id	pathway_name	database	tool	input_id	comparison_id	p_value	padj	NES	log2_odds_ratio	gene_set_size	hit_genes
HALLMARK_ADIPOGENESIS	HALLMARK_ADIPOGENESIS	MSigDB_Hallmark	fgsea	tcga_cancer__LUSC_edgeR	tcga_cancer__LUSC_edgeR	1.71971449359602e-07	5.73238164532008e-07	-1.80181409260332	NA	195	MTARC2;CAT;RETN;FZD4;CD302;CAVIN2;SORBS1;GPX3;ITIH5;LPL;ALDH2;RMDN3;LTC4S;SLC19A1;CD36;ACADL;CAVIN1;MGLL;LIFR;STAT5A;APLP2;SULT1A1;PPARG;SPARCL1;REEP5;CYP4B1;CD151;STOM;HSPB8;LAMA4;FABP4;QDPR;ADCY6;SLC27A1;ANGPT1;C3;ENPP2;ARAF;SCP2;MYLK;ACADS;PGM1;DNAJC15;PHYH;PHLDB1;PPP1R15B;RETSAT;ACAA2;IFNGR1;DHRS7B;NKIRAS1;PLIN2;ITSN1;TOB1;VEGFB;ESYT1;ACADM;MGST3;ORM1;AGPAT3;DECR1;RNF11;SLC66A3;PFKFB3;OMD;TANK;DHRS7;SQOR;RTN3
HALLMARK_ALLOGRAFT_REJECTION	HALLMARK_ALLOGRAFT_REJECTION	MSigDB_Hallmark	fgsea	tcga_cancer__LUSC_edgeR	tcga_cancer__LUSC_edgeR	2.90258187141205e-08	1.03663638264716e-07	-1.87385761085194	NA	195	PF4;CFP;ELANE;CCND3;APBB1;FGR;HLA-E;C2;SPI1;ICAM1;ETS1;CSF1;ITGAL;LY86;TLR3;HLA-DOA;CTSS;HLA-DMA;GPR65;CD74;CRTAM;WAS;IL16;NLRP3;KLRD1;NCR1;SRGN;CCL2;PRF1;IRF8;CD47;PTPN6;HLA-DRA;NCF4;CD4;TLR2;CCR1;PRKCB;CD40LG;PTPRC;JAK2;LCP2;IGSF6;ITGB2;HLA-DMB;B2M;IL18RAP;IL12RB1;IL13;HLA-DQA1;DYRK3;CD86;FAS;CD247;IL6;IFNGR1;CCL4;ST8SIA4;CCR2;IFNAR2;IL7;IL15;CD80;STAT4;IL4R;TRAT1;ITK;CAPG;CD1D;PSMB10;CCR5;TNF;IL1B;STAB1;HLA-A;IL2RG;LIF;HLA-G;TGFB2;CCL13;CD3G;TLR1;CXCR3
HALLMARK_ANDROGEN_RESPONSE	HALLMARK_ANDROGEN_RESPONSE	MSigDB_Hallmark	fgsea	tcga_cancer__LUSC_edgeR	tcga_cancer__LUSC_edgeR	0.0385998356364618	0.0567644641712673	-1.27038691460426	NA	100	PTPN21;GPD1L;CCND3;LIFR;STEAP4;PIAS1;IQGAP2;MAK;TMPRSS2;AKAP12;DHCR24;HPGD;ADAMTS1;MYL12A;TSC22D1;B2M;RPS6KA3;GUCY1A1;SLC26A2;PLPP1;ZMIZ1;FKBP5;TMEM50A;ABCC4;VAPA;INSIG1;ABHD2;NCOA4;SELENOP;ZBTB10;SRP19;IDI1;HSD17B14;KLK3;SPCS3
HALLMARK_ANGIOGENESIS	HALLMARK_ANGIOGENESIS	MSigDB_Hallmark	fgsea	tcga_cancer__LUSC_edgeR	tcga_cancer__LUSC_edgeR	0.000793021155604737	0.00146855769556433	-1.85668499257296	NA	35	PF4;S100A4;LPL;OLR1;NRP1;KCNJ8;VTN;SLCO2A1;PGLYRP1;APOH
HALLMARK_APICAL_JUNCTION	HALLMARK_APICAL_JUNCTION	MSigDB_Hallmark	fgsea	tcga_cancer__LUSC_edgeR	tcga_cancer__LUSC_edgeR	0.0463419898668734	0.0662028426669621	-1.20860410806223	NA	193	PECAM1;VWF;CD34;GNAI2;ICAM2;TSPAN4;SLIT2;ACTN2;NEXN;NEGR1;PARVA;ARHGEF6;MYL9;ITGA10;SORBS3;CLDN5;MYH10;TJP1;ICAM1;RSU1;CLDN18;RRAS;ALOX15B;CTNNA1;EPB41L2;AMIGO1;ITGA9;PCDH1;ACTG2;PTPRC;SKAP2;TAOK2
HALLMARK_APICAL_SURFACE	HALLMARK_APICAL_SURFACE	MSigDB_Hallmark	fgsea	tcga_cancer__LUSC_edgeR	tcga_cancer__LUSC_edgeR	0.362670713201821	0.431750849049787	1.06715477836471	NA	43	LYPD3;BRCA1;RHCG;HSPB1
HALLMARK_APOPTOSIS	HALLMARK_APOPTOSIS	MSigDB_Hallmark	fgsea	tcga_cancer__LUSC_edgeR	tcga_cancer__LUSC_edgeR	0.0104961938116635	0.0180968858821785	-1.3434647829448	NA	160	GPX3;NEDD9;SPTAN1;RARA;TIMP3;SMAD7;CFLAR;ADD1;HGF;CAV1;GADD45B;RHOB;TXNIP;CD69;TGFBR3;BMP2;PLCB2;SATB1;PRF1;DCN;TIMP2;DPYD;MCL1;LGALS3;CYLD;BTG2;ATF3;PLPPR4;PEA15;FAS;CLU;RETSAT;IL6;IFNGR1;IRF1;JUN;HMOX1;DNAJC3;IFITM3;CASP1;CD14;EGR3;ROCK1;EMP1;PDGFRB;GPX1;ETF1;BIRC3;CASP4;SOD2;RNASEL;BCL2L2;TNF;BNIP3L;IL1B
HALLMARK_BILE_ACID_METABOLISM	HALLMARK_BILE_ACID_METABOLISM	MSigDB_Hallmark	fgsea	tcga_cancer__LUSC_edgeR	tcga_cancer__LUSC_edgeR	0.000214018416928263	0.00046525742810492	-1.71018748022691	NA	101	CAT;HSD17B6;HSD17B4;HSD17B11;ABCA8;ABCA9;ABCA6;RXRG;APOA1;ABCA3;NR3C2;CYP27A1;AR;PECR;ACSL5;DHCR24;ACSL1;AQP9;SCP2;GNMT;SULT1B1;MLYCD;OPTN;PHYH;CH25H;RETSAT;DIO1;ABCD3;BMP6;CYP7B1;SLC23A1;CYP39A1;IDI1;EFHC1;ISOC1;NUDT12;EPHX2;ATXN1;ABCD2
HALLMARK_CHOLESTEROL_HOMEOSTASIS	HALLMARK_CHOLESTEROL_HOMEOSTASIS	MSigDB_Hallmark	fgsea	tcga_cancer__LUSC_edgeR	tcga_cancer__LUSC_edgeR	0.0667641237236275	0.0927279496161492	-1.22754497690684	NA	73	CXCL16;LPL;SEMA3B;ACSS2;PPARG;ANXA5;LDLR;LGALS3;PNRC1;ANTXR2;ATF3;CLU;ATXN2;LSS;CPEB2;LGMN;CHKA;ERRFI1;NIBAN1;IDI1;FASN;CTNNB1
HALLMARK_COAGULATION	HALLMARK_COAGULATION	MSigDB_Hallmark	fgsea	tcga_cancer__LUSC_edgeR	tcga_cancer__LUSC_edgeR	1.59017066911132e-06	4.18465965555612e-06	-1.85943500992748	NA	128	PF4;PECAM1;LTA4H;VWF;GP9;F11;A2M;CPB2;F8;CSRP1;TIMP3;CFD;CTSO;OLR1;SERPING1;ACOX2;RGN;ANG;F10;C2;APOA1;CTSH;LEFTY2;ISCU;FYN;C8B;PROS1;CPQ;C1QA;SERPINA1;CFI;C3;CAPN2;LRP1;PDGFB;DUSP6;RAPGEF3;CRIP2;MAFF;KLKB1;THBS1;CLU;GP1BA;MASP2;DPP4;PLEK;HPN
HALLMARK_COMPLEMENT	HALLMARK_COMPLEMENT	MSigDB_Hallmark	fgsea	tcga_cancer__LUSC_edgeR	tcga_cancer__LUSC_edgeR	1.7873873373132e-12	1.276705240938e-11	-2.17435453959761	NA	196	DOCK4;LTA4H;CD55;RBSN;SPOCK2;GP9;NOTCH4;F8;GNAI2;CSRP1;ZEB1;ACTN2;CPM;CTSO;CD36;OLR1;SERPING1;SH2B3;FCN1;ANG;F10;C2;CTSH;PRKCD;ZFPM2;FYN;GNGT2;EHD1;CTSS;PPP2CB;GNG2;ITGAM;ANXA5;GCA;DOCK9;WAS;FCER1G;CPQ;C1QA;CASP5;SERPINA1;PIK3R5;TIMP2;CD40LG;C3;JAK2;LGALS3;LCP2;CTSD;RHOG;LRP1;LIPA;PDGFB;DUSP6;CD59;FDX1;CASP10;CR1;MAFF;LAP3;KLKB1;C1QC;PIK3CG;CLU;IL6;IRF1;GP1BA;CALM1;DOCK10;DPP4;PLEK;RAF1
HALLMARK_DNA_REPAIR	HALLMARK_DNA_REPAIR	MSigDB_Hallmark	fgsea	tcga_cancer__LUSC_edgeR	tcga_cancer__LUSC_edgeR	0.000137510911749661	0.000312524799431047	1.65617823196645	NA	148	RFC4;RAD51;ZWINT;RAE1;FEN1;PCNA;RFC2;POLR2H;NELFCD;RFC5;UMPS;HPRT1;LIG1;TYMS;RFC3;NCBP2;UPF3B;VPS37D;SSRP1;POLA2;CSTF3;ALYREF;SAC3D1;DGUOK;NME1;PRIM1;ADA;POLR2D;POLD1;NME4;GTF2H3;AAAS;POLB;GTF3C5;ADRM1;TARBP2;POLR2J;ERCC3;POLR2F;ZNF707;POLR1C;GSDME;DUT;POLA1;RPA3
HALLMARK_E2F_TARGETS	HALLMARK_E2F_TARGETS	MSigDB_Hallmark	fgsea	tcga_cancer__LUSC_edgeR	tcga_cancer__LUSC_edgeR	2.2862679368845e-42	1.14313396844225e-40	2.83689224428989	NA	199	MCM4;ORC6;CHEK1;GINS1;CDCA8;UBE2T;AURKA;KIF2C;ATAD2;CCNB2;PLK1;KIF4A;CDCA3;CDK1;HELLS;DSCC1;AURKB;TIMELESS;CDC20;CHEK2;KIF18B;PLK4;SPC24;RACGAP1;MYBL2;MAD2L1;MELK;BIRC5;MCM7;SPAG5;KIF22;MCM2;ESPL1;CENPE;CCNE1;PTTG1;BUB1B;DEPDC1;DLGAP5;GINS4;GINS3;EZH2;TK1;RAD51AP1;SPC25;PAICS;ASF1B;RANBP1;CKS1B;CDKN3;HMGA1;PCNA;TRIP13;TOP2A;RRM2;NCAPD2;UBE2S;MMS22L;CDC25A;KPNA2;E2F8;RFC2;CENPM;UNG;CSE1L;MCM6;TBRG4;HMMR;PRIM2;MCM5;MKI67;TACC3;CDKN2A;HMGB3;TCF19;BRCA1;DONSON;LMNB1;H2AX;JPT1;DDX39A;BARD1;XPO1;LIG1;TUBG1;PRKDC;SMC6;RFC3;SMC4;SUV39H1;H2AZ1;STMN1;CDK4;NUP205;POLD2;POP7;POLE;SNRPB;NOP56;TUBB;MTHFD2;SSRP1;NUP107;POLA2;PSMC3IP;CTPS1;MSH2;ZW10;MCM3;CNOT9;HMGB2;BRCA2;TMPO;NME1;TIPIN;SLBP;TRA2B;ILF3;PMS2;POLD1;CKS2
HALLMARK_EPITHELIAL_MESENCHYMAL_TRANSITION	HALLMARK_EPITHELIAL_MESENCHYMAL_TRANSITION	MSigDB_Hallmark	fgsea	tcga_cancer__LUSC_edgeR	tcga_cancer__LUSC_edgeR	0.0221151839021013	0.0356696514550022	-1.26192344741382	NA	200	FBLN5;ABI3BP;TIMP3;SLIT2;FERMT2;VIM;MYL9;MGP;SLIT3;GADD45B;CADM1;ECM2;PMP22;EMP3;SNTB1;RHOB;QSOX1;TGFBR3;DAB2;TGM2;SGCG;LAMA2;DCN;CCN1;CCN2;CXCL12;FSTL3;LRP1;MATN3;NTM;NNMT;ID2;ANPEP;CD59;SGCD;ELN;MYLK;SDC4;WIPF1;PCOLCE2;PTX3;THBS1;EFEMP2;FAS;TAGLN;FBLN1;SGCB;IL6;JUN;IL32;ACTA2;IGFBP4
HALLMARK_ESTROGEN_RESPONSE_EARLY	HALLMARK_ESTROGEN_RESPONSE_EARLY	MSigDB_Hallmark	fgsea	tcga_cancer__LUSC_edgeR	tcga_cancer__LUSC_edgeR	0.0257110750817937	0.0401735548153026	-1.26259631739937	NA	198	IL6ST;RPS6KA2;DLC1;WFS1;SLC1A1;SH3BP5;RARA;CISH;CCN5;PAPSS2;PGR;ALDH3B1;WWC1;ADCY9;GAB2;SEMA3B;ABCA3;CLIC3;TMEM164;MLPH;PODXL;AR;PDLIM3;SLC37A1;MUC1;TGM2;HSPB8;SNX24;FOS;AFF1;RAB17;RETREG1;ITPK1;CXCL12;JAK2;SLC7A2;ELF1;CHPT1;KLF10;OLFML3;KCNK5;MINDY1;SLC26A2;GFRA1;PLAAT3;TJP3;NBL1;TIPARP;TMPRSS3;IGFBP4;ABLIM1;RAB31;EGR3;TOB1;SLC19A2;THSD4;SYBU;FKBP5
HALLMARK_ESTROGEN_RESPONSE_LATE	HALLMARK_ESTROGEN_RESPONSE_LATE	MSigDB_Hallmark	fgsea	tcga_cancer__LUSC_edgeR	tcga_cancer__LUSC_edgeR	0.0149045005190022	0.0248408341983371	1.33976595101724	NA	197	CDC6;PERP;STIL;CDC20;PLK4;FKBP4;PLAC1;GJB3;GAL;TOP2A;GINS2;PKP3;TRIM29;TPBG;KIF20A;RAPGEFL1;SIAH2;TFAP2C;HPRT1;CELSR2;TPD52L1;HR;NMU;SORD;SLC1A4;DLG5;KRT13;SLC16A1;SLC7A5;HSPA4L;MDK;PPIF;IGSF1;RBBP8;IDH2;KRT19;CYP4F11;CA12;XRCC3;LSR;ST14;SFN;CXCL14;TH;CDH1;ASCL1
HALLMARK_FATTY_ACID_METABOLISM	HALLMARK_FATTY_ACID_METABOLISM	MSigDB_Hallmark	fgsea	tcga_cancer__LUSC_edgeR	tcga_cancer__LUSC_edgeR	0.0719333894137728	0.0972072829915849	-1.18460656916337	NA	149	SERINC1;INMT;AOC3;CA4;GPD1;HSD17B4;HSD17B11;LTC4S;CD36;ACADL;MGLL;PTPRG;AQP7;HSDL2;ACAA1;SUCLG2;ACSL5;DHCR24;HPGD;ACSL1;ALAD;ACSM3;ACOT2;CYP1A1;ACADS;GABARAPL1;MLYCD;MAOA;ACSL4;RETSAT;ACAA2
HALLMARK_G2M_CHECKPOINT	HALLMARK_G2M_CHECKPOINT	MSigDB_Hallmark	fgsea	tcga_cancer__LUSC_edgeR	tcga_cancer__LUSC_edgeR	2.4647060531245e-40	6.16176513281124e-39	2.78675234063144	NA	197	KIF23;RAD54L;ORC6;CHEK1;EXO1;CENPA;UBE2C;POLQ;AURKA;KIF2C;NEK2;CCNB2;TROAP;TTK;CDC6;KIF11;CCNF;CDC45;PLK1;KIF4A;STIL;TPX2;CDK1;AURKB;CDC20;PLK4;RACGAP1;MYBL2;MAD2L1;BIRC5;KIF22;MCM2;NDC80;ESPL1;CENPE;PTTG1;TRAIP;CENPF;EZH2;BUB1;HOXC10;DBF4;KNL1;KIF15;CCNA2;CKS1B;CDKN3;HMGA1;TOP2A;PBK;GINS2;PRC1;UBE2S;DKC1;CDC25A;KPNA2;CHAF1A;MCM6;HMMR;PRIM2;MCM5;MKI67;TACC3;E2F2;HMGB3;INCENP;DTYMK;LMNB1;H2AX;JPT1;DDX39A;RBL1;BARD1;XPO1;KIF20B;E2F1;SMC4;SUV39H1;UCK2;FBXO5;H2AZ1;STMN1;CDK4;ORC5;SLC7A5;POLE;CBX1;KMT5A;CDC7;SMC2;POLA2;NSD2;SNRPD1;MCM3;BUB3;SLC38A1;NUP50;BRCA2;TMPO;MNAT1;E2F3;LIG3;TRA2B;ILF3;CKS2
HALLMARK_GLYCOLYSIS	HALLMARK_GLYCOLYSIS	MSigDB_Hallmark	fgsea	tcga_cancer__LUSC_edgeR	tcga_cancer__LUSC_edgeR	3.88267877809221e-10	2.42667423630763e-09	1.96800752165928	NA	195	CENPA;AURKA;CDK1;EFNA3;DEPDC1;FKBP4;ARTN;GPR87;TPBG;KIF20A;HMMR;SLC25A10;ABCB6;GPC1;FAM162A;PPFIA4;AK4;BIK;DSC2;B4GALT4;TPI1;ERO1A;PLOD2;EGLN3;GCLC;STMN1;PKM;PFKP;B4GALT2;HS6ST2;MDH2;TGFA;COPB2;GOT2;PC;SDC1;PGM2;LDHA;IGFBP3;PGK1;MIOX;ENO1;PSMC4;SLC25A13;B3GNT3;NANP;NSDHL;ENO2;RPE;PAXIP1;TXN;PGAM1;SOX9;G6PD;GYS1;PMM2;NASP;MDH1;ANKZF1;XYLT2;ME1;DPYSL4;P4HA1;SPAG4;HK2;TKTL1;CHPF;CHST2;LCT;TPST1;EGFR;KDELR3;ALDOA;POLR3K;GOT1;TALDO1;STC2;ADORA2B;RARS1;B4GALT7;NOL3;GFUS;SDHC;ZNF292;PKP2;PLOD1;SLC37A4;PPIA;B3GAT3
HALLMARK_HEDGEHOG_SIGNALING	HALLMARK_HEDGEHOG_SIGNALING	MSigDB_Hallmark	fgsea	tcga_cancer__LUSC_edgeR	tcga_cancer__LUSC_edgeR	0.943425076452599	0.943425076452599	0.673068678882908	NA	35	CDK5R1;NKX6-1;NRCAM;ADGRG1
HALLMARK_HEME_METABOLISM	HALLMARK_HEME_METABOLISM	MSigDB_Hallmark	fgsea	tcga_cancer__LUSC_edgeR	tcga_cancer__LUSC_edgeR	0.00030571028120385	0.000636896419174687	-1.54886821397722	NA	188	CAT;TNS1;GYPE;GATA1;SLC4A1;KAT2B;SELENBP1;SIDT2;SDCBP;ALAS2;CCND3;TAL1;GYPC;CLIC2;ADD1;TRAK2;ACP5;HBB;EPOR;NR3C1;CA1;ACKR1;ATP6V0A1;LPIN2;SYNJ1;MARCHF2;RNF123;MARCHF8;ARHGEF12;VEZF1;EZH1;SEC14L1;ALAD;HAGH;C3;NEK7;HEBP1;MPP1;TMEM9B;LMO2;CCDC28A;BTG2;NFE2;HBD;ALDH6A1;ABCG2;OPTN;MAP2K3;RAP1GAP;LRP10;SLC22A4;FBXO7;PIGQ;RBM5;GAPVD1;CAST;DCAF11;PICALM;BMP2K;SLC66A2;DMTN;MGST3;CTNS;BCAM;NCOA4;FOXO3;BNIP3L;CIR1
HALLMARK_HYPOXIA	HALLMARK_HYPOXIA	MSigDB_Hallmark	fgsea	tcga_cancer__LUSC_edgeR	tcga_cancer__LUSC_edgeR	0.474278544542033	0.54254955570745	0.991983759710117	NA	193	SLC2A1;HOXB9;EFNA3;PKP1;GAPDH;TPBG;PDK1;SIAH2;GPC1;FAM162A;PPFIA4;AK4;TPI1;GPI;ERO1A;INHA;PFKP;KIF5A;PGM2;NDRG1;LDHA;IGFBP3;PGK1;TPD52;KDM3A;ENO1;CA12;NCAN;ALDOC;ENO2;GYS1;CSRP2;ANKZF1;SLC2A5;SLC25A1;BCAN;ACKR3;DPYSL4;XPNPEP1;P4HA1;HK2;TMEM45A;DDIT3;TKTL1;CHST2
HALLMARK_IL2_STAT5_SIGNALING	HALLMARK_IL2_STAT5_SIGNALING	MSigDB_Hallmark	fgsea	tcga_cancer__LUSC_edgeR	tcga_cancer__LUSC_edgeR	8.22206571178582e-07	2.41825462111348e-06	-1.79354122072703	NA	196	GATA1;SHE;PTH1R;IL3RA;GLIPR2;CD81;SLC39A8;ITIH5;CISH;SPRY4;CCND3;CD83;MYO1C;AGER;SELP;IL1RL1;GADD45B;NRP1;HOPX;KLF6;CSF1;DENND5A;BMPR2;RHOB;SERPINB6;IKZF4;ABCB1;GPR65;BMP2;MUC1;AHNAK;TGM2;SH3BGRL2;TNFRSF1B;IRF8;MAP6;MAP3K8;SWAP70;CAPN3;SLC2A3;PRKCH;IL18R1;TLR7;ANXA4;FGL2;RNH1;PTGER2;GABARAPL1;CST7;MAFF;IL10RA;GBP4;SOCS2;IL13;CD86;LRRC8C;RGS16;PLAGL1;GALM;CTSZ;IFNGR1;ETFBKMT;BATF3;DRC1;PLPP1;PLIN2;SYT11;IFITM3;SNX14;EEF1AKMT1;CD48;EMP1;P2RX4;CDC42SE2;IL4R;NFKBIZ;CAPG
HALLMARK_IL6_JAK_STAT3_SIGNALING	HALLMARK_IL6_JAK_STAT3_SIGNALING	MSigDB_Hallmark	fgsea	tcga_cancer__LUSC_edgeR	tcga_cancer__LUSC_edgeR	3.92762725977466e-09	2.18201514431925e-08	-2.25599451682389	NA	86	ACVRL1;IL6ST;PF4;A2M;IL3RA;LEPR;CD36;CSF3R;MYD88;CSF1;IFNAR1;IL1R1;TNFRSF1B;MAP3K8;TLR2;PIK3R5;CCR1;IL18R1;PTPN1;SOCS3;CXCL3;IL12RB1;FAS;IL10RB;STAM2;STAT3;IL6;IFNGR1;IRF1;JUN;CSF2RB;HMOX1;CRLF2;CSF2RA;CD14;IL15RA;IL17RA;IL7;IL4R;ITGA4;TNF;PLA2G2A;IL1B;GRB2;CD38
HALLMARK_INFLAMMATORY_RESPONSE	HALLMARK_INFLAMMATORY_RESPONSE	MSigDB_Hallmark	fgsea	tcga_cancer__LUSC_edgeR	tcga_cancer__LUSC_edgeR	6.10029087309904e-16	6.10029087309904e-15	-2.35826857316901	NA	198	CD55;NMUR1;SCARF1;PTGIR;OLR1;SGMS2;KCNA3;CALCRL;CCRL2;C5AR1;CSF3R;ICAM1;MARCO;MSR1;KLF6;PTPRE;SLC4A4;EMP3;CSF1;LAMP3;MEFV;BEST1;TLR3;IFNAR1;CD69;FPR1;P2RX7;FZD5;IL1R1;RNF144B;NFKBIA;NLRP3;LDLR;TNFRSF1B;CCL2;CYBB;SLC31A2;IL7R;TLR2;PIK3R5;AQP9;EDN1;SELE;IL18R1;LCP2;RHOG;SLC7A2;ADGRE1;PROK2;PTGER4;PTAFR;BTG2;ROS1;AXL;PTGER2;HBEGF;IL18RAP;CMKLR1;IL10RA;APLNR;C3AR1;CSF3;TNFSF15;TACR1;RGS16;NFKB1;IL6;IRF1;GP1BA;RAF1;HPN;CD14;IL15RA;SLC31A1;CD48;IL15;CCL24;P2RX4;SLC1A2;IL4R
HALLMARK_INTERFERON_ALPHA_RESPONSE	HALLMARK_INTERFERON_ALPHA_RESPONSE	MSigDB_Hallmark	fgsea	tcga_cancer__LUSC_edgeR	tcga_cancer__LUSC_edgeR	1.4661287850755e-08	6.66422175034317e-08	-2.1551590778874	NA	97	CCRL2;CSF1;LAMP3;TXNIP;IFITM2;UBA7;TMEM140;CD74;CD47;TRIM21;TRIM5;ELF1;B2M;LAP3;GBP4;SAMD9L;NCOA7;IRF1;DHX58;HLA-C;GMPR;IFITM3;OASL;CASP1;SP110;IFIT2;IL7;IL15;IFIT3;TENT5A;IL4R;PARP14;SELL;NUB1;RSAD2;TDRD7;CMPK2;DDX60;IRF2;IFI35;IFIH1;OGFR;EPSTI1;IFI44L;HERC6;BATF2;BST2;PSME1;HELZ2;TRIM25;MX1;PARP12;WARS1;RIPK2;TRIM14;GBP2;IFI30
HALLMARK_INTERFERON_GAMMA_RESPONSE	HALLMARK_INTERFERON_GAMMA_RESPONSE	MSigDB_Hallmark	fgsea	tcga_cancer__LUSC_edgeR	tcga_cancer__LUSC_edgeR	1.52231379716111e-15	1.26859483096759e-14	-2.3366750254404	NA	198	LATS2;NOD1;EIF4E3;SERPING1;SAMHD1;SELP;P2RY14;MYD88;ICAM1;ST3GAL5;TXNIP;IFITM2;CD69;HLA-DMA;FPR1;CD74;RAPGEF6;NFKBIA;HLA-DRB1;BANK1;ZNFX1;RIPK1;CCL2;IRF8;PTPN6;JAK2;LCP2;VAMP5;TRIM21;FGL2;PTPN1;SOCS3;CIITA;MVP;FCGR1A;B2M;LAP3;CMKLR1;IL10RA;GBP4;HLA-DQA1;CD86;FAS;SAMD9L;SECTM1;STAT3;NFKB1;IL6;IRF1;DHX58;ST8SIA4;IL18BP;CSF2RB;IFNAR2;IFITM3;OASL;CASP1;IL15RA;SP110;APOL6;IFIT2;IL7;IL15;MARCHF1;IFIT3;HLA-B;STAT4;TNFAIP3;IL4R;CASP4;PARP14;SOD2;PDE4B;LYSMD2;PSMB10;VAMP8;RSAD2;TDRD7;CMPK2;DDX60;IFIT1;HLA-A;CD38;ISOC1;CDKN1A;IRF2;SSPN;HLA-G;IFI35;CFH;IFIH1;OGFR;RNF213;SRI;EPSTI1;IFI44L;HERC6;BATF2;C1R;CCL5;BST2;TAPBP;PSME1;PTGS2;HELZ2;TRIM25;MX1;ITGB7;PARP12
HALLMARK_KRAS_SIGNALING_DN	HALLMARK_KRAS_SIGNALING_DN	MSigDB_Hallmark	fgsea	tcga_cancer__LUSC_edgeR	tcga_cancer__LUSC_edgeR	0.00633600567657415	0.0113142958510253	1.43814281760631	NA	178	SHOX2;LYPD3;PKP1;SPTBN2;KRT5;LGALS7;GPR19;CELSR2;KRT15;YBX2;KLK8;BRDT;BARD1;CALML5;GDNF;DLK2;NUDT11;KRT13;ATP4A;CALCB;AKR1B10;IGFBP2;TEX15;SPRR3;TLX1;TENM2;TFAP2B;SNCB;KCNQ2;GP2;MACROH2A2;CPA2;PAX3;TG;IRS4;WNT16;ENTPD7;GTF3C5;SOX10;GAMT;COL2A1;SERPINB2;DTNB;NGB;RYR1;KCNN1
HALLMARK_KRAS_SIGNALING_UP	HALLMARK_KRAS_SIGNALING_UP	MSigDB_Hallmark	fgsea	tcga_cancer__LUSC_edgeR	tcga_cancer__LUSC_edgeR	3.17154778814547e-05	7.55130425748921e-05	-1.64794600106995	NA	196	RETN;PECAM1;ENG;CAB39L;ACE;FLT4;GYPC;EVI5;GNG11;MTMR10;TMEM100;SEMA3B;ADGRL4;NRP1;CCSER2;PPP1R15A;LAT2;ETS1;SPARCL1;ETV1;CD37;USP12;DOCK2;CTSS;ABCB1;TFPI;PIGR;BMP2;AKAP12;TSPAN13;ALDH1A2;FCER1G;TNFRSF1B;SATB1;IRF8;CDADC1;TLR8;IL7R;LAPTM5;GLRX;LCP1;SDCCAG8;ID2;DUSP6;TRIB1;VWA5A;ITGB2;IL33;IKZF1;HBEGF;PPBP;CMKLR1;ADGRA2;IL10RA;C3AR1;GUCY1A1;RGS16;MALL;EPB41L3;HSD11B1;FGF9;CSF2RA;RBP4;PDCD1LG2;BTC;SPON1;PRKG2;FUCA1;EMP1;WNT7A;TNFAIP3;BIRC3;SLPI;F13A1;ITGBL1;KLF4;RABGAP1L;SPRY2;IL1B;HKDC1
HALLMARK_MITOTIC_SPINDLE	HALLMARK_MITOTIC_SPINDLE	MSigDB_Hallmark	fgsea	tcga_cancer__LUSC_edgeR	tcga_cancer__LUSC_edgeR	1.08403842699399e-06	3.01121785276107e-06	1.77451969841084	NA	196	KIF23;AURKA;KIF2C;NEK2;CCNB2;TTK;KIF11;ECT2;PLK1;KIF4A;TPX2;CDK1;RACGAP1;BIRC5;KIF22;NDC80;ESPL1;CENPE;CENPF;ANLN;DLGAP5;KNTC1;BUB1;KIF15;TOP2A;PRC1;PIF1;INCENP;WASF1;LMNB1;SASS6;CEP72;KIF20B;SMC4;FBXO5;DLG1;FSCN1;KIF3C;CKAP5;SAC3D1;NET1;LRPPRC;BRCA2
HALLMARK_MTORC1_SIGNALING	HALLMARK_MTORC1_SIGNALING	MSigDB_Hallmark	fgsea	tcga_cancer__LUSC_edgeR	tcga_cancer__LUSC_edgeR	1.60189772377958e-08	6.67457384908157e-08	1.90353235669843	NA	198	MCM4;SLC2A1;AURKA;CCNF;PLK1;PSAT1;MCM2;BUB1;SHMT2;RRM2;CDC25A;GAPDH;GMPS;UNG;PDK1;SRD5A1;HPRT1;AK4;DDX39A;CCT6A;TPI1;GPI;SORD;ERO1A;TUBG1;PSPH;SLC1A4;PLOD2;HSPD1;MLLT11;EGLN3;GCLC;NUP205;SLC7A5;MTHFD2;STIP1;PSMD14;SLC7A11;PHGDH;LDHA;PGK1;CACYBP;ENO1;TOMM40;ASNS;PSMC4;YKT6;HSPE1;HSP90B1;SLC1A5;ATP5MC1;ATP2A2;PSMG1;PDAP1;DHFR;TRIB3;PSMC2;HMBS;G6PD;PITPNB;PSMB5;EPRS1;ME1;RPA1;POLR3G;PNO1;TUBA4A;PSMA4;ELOVL6;IMMT;EIF2S2;PSMC6;P4HA1;PSME3;HK2;DDIT3;FDXR;TFRC;PRDX1;GSR;ABCF2;SQLE;ALDOA;GOT1;ACTR3;TCEA1;PSMD12;DHCR7;UCHL5;COPS5;RIT1;IGFBP5;TXNRD1;SLC37A4;PPIA;HSPA4;RPN1;CD9;ARPC5L
HALLMARK_MYC_TARGETS_V1	HALLMARK_MYC_TARGETS_V1	MSigDB_Hallmark	fgsea	tcga_cancer__LUSC_edgeR	tcga_cancer__LUSC_edgeR	1.17911103732093e-23	1.96518506220155e-22	2.46573325175327	NA	199	MCM4;RFC4;CDC45;CDC20;MAD2L1;MCM7;MCM2;RANBP1;CCNA2;PCNA;KPNA2;XPOT;MCM6;SNRPA1;MCM5;RRM1;CCT5;HPRT1;CAD;CCT3;PPM1G;XPO1;TYMS;HDAC2;FBL;NCBP2;HSPD1;H2AZ1;CDK4;HDGF;POLD2;EIF3B;CSTF2;NOP56;ILF2;PRPS2;SNRPA;CBX3;SRPK1;CTPS1;GOT2;SNRPD1;PSMD14;TCP1;BUB3;CCT4;CLNS1A;LDHA;CYC1;PGK1;TOMM70;CCT7;NME1;CDK2;AIMP2;RNPS1;POLE3;PABPC1;PSMC4;UBA2;MRPL9;SF3B3;TRA2B;HSPE1;LSM7;PSMD3;YWHAQ;RAN;NCBP1;PA2G4;APEX1;DEK;TRIM28;SNRPG;ACP1;HNRNPA2B1;PSMD7;TFDP1;CCT2;SET;RPS10;IARS1;SSBP1;EPRS1;XRCC6;C1QBP;KPNB1;SERBP1;PSMA4;VBP1;VDAC1;GNL3;COX5A;EIF2S2;DUT;PSMC6;PHB2;PRDX4;RUVBL2;HNRNPC;PSMD1;ORC2;SSB;EIF3D;HNRNPD;PTGES3;VDAC3;SNRPD2;ABCE1;HSP90AB1;HNRNPA3;ERH;PSMB3;RPLP0;PSMD8;PWP1;DDX18;SMARCC1;SRM;PSMA7;NDUFAB1;UBE2L3;TUFM;LSM2;SYNCRIP;NOP16;COPS5;EIF3J;NPM1;USP1;PPIA;PSMB2;RPS2;SRSF2;SRSF1;TARDBP;KARS1;ODC1;HNRNPR;RAD23B
HALLMARK_MYC_TARGETS_V2	HALLMARK_MYC_TARGETS_V2	MSigDB_Hallmark	fgsea	tcga_cancer__LUSC_edgeR	tcga_cancer__LUSC_edgeR	6.83082959719636e-07	2.13463424912386e-06	2.04559273678435	NA	56	MCM4;PLK1;PLK4;UNG;TBRG4;MCM5;SORD;PRMT3;HSPD1;TFB2M;EXOSC5;CDK4;NOP56;CBX3;PES1;AIMP2;PUS1;WDR43;MPHOSPH10;MRTO4;HSPE1;FARSA;TCOF1;WDR74;PA2G4;IMP4;DCTPP1;BYSL;LAS1L;SUPV3L1;GNL3;HK2;NIP7;DDX18;MYBBP1A;SRM;NOP16;NOC4L
HALLMARK_MYOGENESIS	HALLMARK_MYOGENESIS	MSigDB_Hallmark	fgsea	tcga_cancer__LUSC_edgeR	tcga_cancer__LUSC_edgeR	2.07660076013028e-08	7.98692600050109e-08	-1.90560848620982	NA	182	CAV3;MYH2;AK1;SORBS1;FHL1;GPX3;PYGM;TNNC1;SPTAN1;LDB3;SGCA;CFD;HRC;VIPR1;ACTN2;CD36;DAPK2;SOD3;CASQ2;MYO1C;DES;MYOZ1;ADCY9;MEF2C;SORBS3;MYL3;MYOM1;GADD45B;FOXO4;MEF2A;GJA5;MEF2D;MRAS;SGCG;HSPB8;FABP3;ACSL1;LAMA2;OCEL1;PTGIS;MYH1;PDE4DIP;SGCD;CKMT2;HDAC5;MYLK;HBEGF;APLNR;IGFBP7;TAGLN;CLU;TCAP;SLN
HALLMARK_NOTCH_SIGNALING	HALLMARK_NOTCH_SIGNALING	MSigDB_Hallmark	fgsea	tcga_cancer__LUSC_edgeR	tcga_cancer__LUSC_edgeR	0.178787878787879	0.218033998521803	-1.19249722372562	NA	32	ARRB1;MAML2;HEYL;FZD5;DTX4;TCF7L2;ST3GAL6;WNT2;FBXW11
HALLMARK_OXIDATIVE_PHOSPHORYLATION	HALLMARK_OXIDATIVE_PHOSPHORYLATION	MSigDB_Hallmark	fgsea	tcga_cancer__LUSC_edgeR	tcga_cancer__LUSC_edgeR	0.160401002506266	0.201353092783505	1.15142828452651	NA	197	OPA1;GPI;NDUFS6;MTX2;MRPS12;MDH2;GOT2;IDH2;LRPPRC;LDHA;CYC1;TOMM70;UQCRH;MRPS22;NDUFB4;MRPS30;ATP5MC1;MRPL35;MRPL15;VDAC2;TIMM50;SLC25A12;TOMM22;HSD17B10;PDP1;MDH1;NDUFB5;ATP5MC3;SUPV3L1;NDUFS2;POLR2F;CYCS;VDAC1;NDUFV1;IMMT;COX5A;MRPL11;SLC25A5;COX5B;PHB2;ATP5F1B;PDHA1;VDAC3;MRPS11;AFG3L2;FH;PDHX;COX6C;RHOT2;AIFM1;TIMM10;NDUFS8;NDUFAB1;IDH3B;COX6B1;SDHC;TIMM13;ETFA;UQCRC1;TIMM17A
HALLMARK_P53_PATHWAY	HALLMARK_P53_PATHWAY	MSigDB_Hallmark	fgsea	tcga_cancer__LUSC_edgeR	tcga_cancer__LUSC_edgeR	0.477443609022556	0.54254955570745	0.990834418322587	NA	197	PERP;SERPINB5;PCNA;TP63;ABCC5;KRT17;CDKN2A;CDK5R1;TPD52L1;GPX2;FAM162A;KLK8;DGKA;ITGB4;PVT1;HSPA4L;CLCA2;RAP2B;TGFA;SDC1;SLC7A11;NDRG1;IRAK1;HRAS;ADA;RAD9A;JAG2;ST14;WRAP73;TCHH;SFN;TPRKB;TRIB3;RAD51C;SLC3A2
HALLMARK_PANCREAS_BETA_CELLS	HALLMARK_PANCREAS_BETA_CELLS	MSigDB_Hallmark	fgsea	tcga_cancer__LUSC_edgeR	tcga_cancer__LUSC_edgeR	0.0896656534954407	0.117981123020317	1.34057978285161	NA	30	PAX6;NKX6-1;ISL1;SRPRB;DCX;SYT13;INSM1;PCSK1
HALLMARK_PEROXISOME	HALLMARK_PEROXISOME	MSigDB_Hallmark	fgsea	tcga_cancer__LUSC_edgeR	tcga_cancer__LUSC_edgeR	0.628676470588235	0.683343989769821	-0.934636381836545	NA	102	CAT;HSD17B4;HSD17B11;STS;RXRG;CADM1;ACAA1;ABCB1;ACSL5;DHCR24;ACSL1;SCP2;MVP;SLC25A4;MLYCD;ACSL4;SCGB1A1;RETSAT;DLG4;DIO1;ABCD3
HALLMARK_PI3K_AKT_MTOR_SIGNALING	HALLMARK_PI3K_AKT_MTOR_SIGNALING	MSigDB_Hallmark	fgsea	tcga_cancer__LUSC_edgeR	tcga_cancer__LUSC_edgeR	0.623287671232877	0.683343989769821	0.914462690705799	NA	102	GNGT1;SLC2A1;CDK1;PITX2;PDK1;E2F1;CDK4;CDK2;HRAS;HSP90B1;SFN;AP2M1;TRIB3
HALLMARK_PROTEIN_SECRETION	HALLMARK_PROTEIN_SECRETION	MSigDB_Hallmark	fgsea	tcga_cancer__LUSC_edgeR	tcga_cancer__LUSC_edgeR	0.846153846153846	0.863422291993721	-0.858887987478694	NA	96	SNX2;STX12;STX7;GALC;CAV2;CLN5;SNAP23;SGMS1;VAMP3;CD63;RPS6KA3;GOLGA4;RAB5A;NAPA;PAM;RAB14;TSPAN8;SH3GL2;STAM;ATP7A
HALLMARK_REACTIVE_OXYGEN_SPECIES_PATHWAY	HALLMARK_REACTIVE_OXYGEN_SPECIES_PATHWAY	MSigDB_Hallmark	fgsea	tcga_cancer__LUSC_edgeR	tcga_cancer__LUSC_edgeR	0.821958456973294	0.856206726013848	0.801989605034462	NA	49	GCLC;PFKP;ABCC1;GCLM;NDUFB4;NQO1;TXN;G6PD;SRXN1;NDUFS2;PRDX2;PRDX4;PRDX1;GSR
HALLMARK_SPERMATOGENESIS	HALLMARK_SPERMATOGENESIS	MSigDB_Hallmark	fgsea	tcga_cancer__LUSC_edgeR	tcga_cancer__LUSC_edgeR	0.000777705047653292	0.00146855769556433	1.62814273002939	NA	106	NCAPH;RFC4;AURKA;KIF2C;NEK2;CCNB2;TTK;CDK1;EZH2;BUB1;DBF4;CDKN3;TOPBP1;RPL39L;YBX2;GAD1;HSPA4L;MAP7;DMC1;IL12RB2;PARP2;COIL;POMC;PSMG1;STRBP;GMCL1;DMRT1;SLC2A5;SCG5;CNIH2;SNAP91;TSN;TKTL1;CLGN;VDAC3;CCNA1;MTNR1A;MAST2;NEFH;TNNI3;TALDO1
HALLMARK_TGF_BETA_SIGNALING	HALLMARK_TGF_BETA_SIGNALING	MSigDB_Hallmark	fgsea	tcga_cancer__LUSC_edgeR	tcga_cancer__LUSC_edgeR	2.231341745956e-05	5.57835436488999e-05	-1.99855379183125	NA	54	SPTBN1;ENG;SMAD7;SMAD6;RHOA;LEFTY2;PPP1R15A;TJP1;LTBP2;BMPR2;BMP2;SKI;APC;ID2;ID3;BMPR1A;KLF10;THBS1;SMURF2;RAB31;WWTR1;JUNB;NCOR2;HIPK2;CDKN1C;CTNNB1;UBE2D3
HALLMARK_TNFA_SIGNALING_VIA_NFKB	HALLMARK_TNFA_SIGNALING_VIA_NFKB	MSigDB_Hallmark	fgsea	tcga_cancer__LUSC_edgeR	tcga_cancer__LUSC_edgeR	6.48732033569804e-17	8.10915041962255e-16	-2.41534349467192	NA	199	IL6ST;KLF2;DRAM1;KLF9;CD83;OLR1;CFLAR;PLPP3;GADD45B;DUSP1;STAT5A;CCRL2;PPP1R15A;PER1;ICAM1;KLF6;PTPRE;CSF1;DENND5A;RHOB;NR4A1;EHD1;FOSB;CD69;BMP2;NFKBIA;CXCL2;ZFP36;LDLR;CCL2;FOS;MAP3K8;IL7R;TLR2;CCN1;LITAF;MCL1;EDN1;SLC2A3;NR4A3;TSC22D1;ID2;PTGER4;SLC16A6;PNRC1;TRIB1;BTG2;SOCS3;ATF3;NR4A2;SDC4;HBEGF;MAFF;RCAN1;PTX3;CXCL3;KLF10;MAP2K3;EGR1;KDM6B;EGR2;NFKB1;IL6;BCL2A1;IRF1;CCL4;ETS2;JUN;TIPARP;PLEK;TNIP1;EGR3;IL15RA;NFAT5;SLC2A6;IFIT2;CD80;TNFAIP3;JUNB;BIRC3;SOD2;PDE4B;CEBPD;IER2;CEBPB;KLF4;TNF;IL1B;SERPINB8;ZBTB10;PFKFB3;TANK;G0S2;IER5;GPR183;AREG;CDKN1A;GEM;LIF
HALLMARK_UNFOLDED_PROTEIN_RESPONSE	HALLMARK_UNFOLDED_PROTEIN_RESPONSE	MSigDB_Hallmark	fgsea	tcga_cancer__LUSC_edgeR	tcga_cancer__LUSC_edgeR	0.000591073606147036	0.00118214721229407	1.6356571589216	NA	112	PSAT1;CKS1B;DKC1;XPOT;H2AX;TARS1;EIF4EBP1;ERO1A;SLC1A4;EXOSC5;SLC7A5;YWHAZ;NOP56;ALDH18A1;MTHFD2;LSM4;EXOSC4;PREB;EXOSC2;SRPRB;PDIA6;EIF4G1;ASNS;CHAC1;CEBPG;BANF1;HSP90B1;PAIP1;KHSRP;DDX10;EIF4A3;IARS1
HALLMARK_UV_RESPONSE_DN	HALLMARK_UV_RESPONSE_DN	MSigDB_Hallmark	fgsea	tcga_cancer__LUSC_edgeR	tcga_cancer__LUSC_edgeR	1.45570165356418e-08	6.66422175034317e-08	-1.99932419353585	NA	143	PRKCE;GRK5;PTPN21;DLC1;TGFBR2;FBLN5;SYNE1;PTPRM;RBPMS;CITED2;SMAD7;PLPP3;MGLL;CELF2;CAV1;DUSP1;APBB2;NRP1;TJP1;DDAH1;PMP22;NR3C1;FYN;PPARG;PTGFR;EFEMP1;TFPI;TGFBR3;DAB2;LDLR;ADGRL2;CCN1;SPOP;NEK7
HALLMARK_UV_RESPONSE_UP	HALLMARK_UV_RESPONSE_UP	MSigDB_Hallmark	fgsea	tcga_cancer__LUSC_edgeR	tcga_cancer__LUSC_edgeR	0.161082474226804	0.201353092783505	1.16359973792772	NA	158	RFC4;LHX2;SHOX2;SLC6A8;CCNE1;FKBP4;FEN1;PPAT;NKX2-5;GAL;CHRNA5;GGH;POLR2H;CTSV;CLCN2;H2AX;TARS1;IGFBP2;ONECUT1;PPIF;STIP1;CASP3;CDK2;MAPK8IP2;PARP2;POLE3;ASNS;HTR7;CEBPG;YKT6;TCHH;PDAP1;ENO2;COL2A1;MMP14;BCL2L11;POLG2;SIGMAR1;TUBA4A;CNP;NPTX2
HALLMARK_WNT_BETA_CATENIN_SIGNALING	HALLMARK_WNT_BETA_CATENIN_SIGNALING	MSigDB_Hallmark	fgsea	tcga_cancer__LUSC_edgeR	tcga_cancer__LUSC_edgeR	0.681137724550898	0.724614600586062	0.871991225451453	NA	42	SKP2;KAT2A;HDAC2;JAG1;DKK4;JAG2;WNT6;DVL2;LEF1;CSNK1E;WNT5B
HALLMARK_XENOBIOTIC_METABOLISM	HALLMARK_XENOBIOTIC_METABOLISM	MSigDB_Hallmark	fgsea	tcga_cancer__LUSC_edgeR	tcga_cancer__LUSC_edgeR	0.0332238834857945	0.050339217402719	-1.25207740244385	NA	188	CYP17A1;CAT;CYP1A2;F11;ATOH8;FBP1;ALDH2;PAPSS2;CYB5A;CD36;ACOX2;F10;AOX1;CDO1;PDK4;VTN;SLC46A3;CYP27A1;SLC6A12;LPIN2;PTGDS;SLC12A4;ALAS1;UPB1;PROS1;IL1R1;ACSM1;IRF8;TTPA;AQP9;CYFIP2;ID2;GNMT;CYP1A1;GABARAPL1;SERTAD1;PINK1;MAOA;RAP1GAP;TMBIM6;FAS;FBLN1;ENPEP;DDAH2;RETSAT;MAN1A1;PMM1;HSD11B1;ETS2;IGFBP4;HMOX1;ABHD6
