dataset_id	chemistry	species	tissue_class	tool_a	tool_b	n_common_genes	n_common_cells	rho_gene_total	rho_cell_total_umi	log2_median	log2_iqr	log2_p05	log2_p95	pct_A_higher	pct_B_higher	pct_tie	det_rate_A	det_rate_B	det_rate_A_intersect	det_rate_B_intersect
10x_pbmc_1k_v3	3p_v3	human	PBMC	star_default	star_cr_mimic	63241	240859	0.987002097177162	0.9392360556247888	0.0	0.0	-0.0687127500840142	0.0	0.04128650717098085	0.18924431934978891	0.7694691734792303	0.39555035499122404	0.3900475957053178	0.39555035499122404	0.3900475957053178
10x_pbmc_1k_v3	3p_v3	human	PBMC	star_default	alevin_fry	63241	71774	0.5196538155042978	0.8712111974363769	0.0	2.0	0.0	7.554588851677638	0.3864739646748154	0.007194699641055644	0.606331335684129	0.39555035499122404	0.2728240645572756	0.39555035499122404	0.11726569788586519
10x_pbmc_1k_v3	3p_v3	human	PBMC	star_default	kb_count	63241	232735	0.9491410570497453	0.9326614699137794	0.0	0.04924351901984913	-1.0	0.020177881937630274	0.0525608386964153	0.2804984108410683	0.6669407504625164	0.39555035499122404	0.4195379579703041	0.39555035499122404	0.4195379579703041
10x_pbmc_1k_v3	3p_v3	human	PBMC	star_cr_mimic	alevin_fry	63241	71773	0.5241347462950497	0.8617335843126313	0.0	2.0	0.0	7.562242424221073	0.38184089435650925	0.006309198146771873	0.6118499074967189	0.3900475957053178	0.2728240645572756	0.3900475957053178	0.11726569788586519
10x_pbmc_1k_v3	3p_v3	human	PBMC	star_cr_mimic	kb_count	63241	233045	0.9499736845197433	0.9650478809324924	0.0	0.010847382236992435	-1.0	0.047673561552631284	0.06889517876061416	0.25600480700811185	0.675100014231274	0.3900475957053178	0.4195379579703041	0.3900475957053178	0.4195379579703041
10x_pbmc_1k_v3	3p_v3	human	PBMC	alevin_fry	kb_count	189723	71411	0.517208270304955	0.8952471234553747	0.0	2.321928094887362	-7.60733031374961	0.0	0.0035578185038187254	0.41337107256368494	0.5830711089324964	0.2728240645572756	0.4195379579703041	0.11726569788586519	0.4195379579703041
10x_pbmc_4k_v2	3p_v2	human	PBMC	star_default	star_cr_mimic	63241	282237	0.9680579190873944	0.9710820497756162	0.0	0.03199011424443703	0.0	0.9068905956085185	0.28903717525023326	0.021821286823421514	0.6891415379263452	0.4467987539728973	0.41985420850397687	0.4467987539728973	0.41985420850397687
10x_pbmc_4k_v2	3p_v2	human	PBMC	star_default	alevin_fry	63241	221891	0.48548770473837616	0.9684753348762565	0.0	2.820929779523411	0.0	8.426264754702098	0.4402998055059218	0.005755759712844515	0.5539444347812337	0.4467987539728973	0.2879830068046573	0.4467987539728973	0.11508356920352303
10x_pbmc_4k_v2	3p_v2	human	PBMC	star_default	kb_count	63241	280335	0.9391520697325826	0.9647713132940525	0.0	0.08565273349628934	-1.415037499278844	0.027480736422106918	0.05252921364304802	0.35709429009661453	0.5903764962603374	0.4467987539728973	0.49150076690754413	0.4467987539728973	0.49150076690754413
10x_pbmc_4k_v2	3p_v2	human	PBMC	star_cr_mimic	alevin_fry	63241	221889	0.499395799950868	0.9724380677359046	0.0	2.584962500721156	0.0	8.276124405274238	0.411837257475372	0.006957511740801062	0.5812052307838269	0.41985420850397687	0.2879830068046573	0.41985420850397687	0.11508356920352303
10x_pbmc_4k_v2	3p_v2	human	PBMC	star_cr_mimic	kb_count	63241	280600	0.921933489003524	0.9703762322759311	0.0	0.15170682174447317	-1.8073549220576042	0.0	0.02654923230182951	0.39700510744611883	0.5764456602520517	0.41985420850397687	0.49150076690754413	0.41985420850397687	0.49150076690754413
10x_pbmc_4k_v2	3p_v2	human	PBMC	alevin_fry	kb_count	189723	211597	0.4789328509873398	0.981862305693168	0.0	3.2352164616940318	-8.483815777264256	0.0	0.0023876915292294558	0.48773738555683815	0.5098749229139324	0.2879830068046573	0.49150076690754413	0.11508356920352303	0.49150076690754413
10x_pbmc_5k_v3.1	3p_v3	human	PBMC	star_default	star_cr_mimic	63241	520463	0.9903946333033236	0.8448520235009015	0.0	0.0	-0.08017034868398333	0.0	0.04318401037301751	0.23402539491785393	0.7227905947091285	0.45356651539349474	0.4510681361774798	0.45356651539349474	0.4510681361774798
10x_pbmc_5k_v3.1	3p_v3	human	PBMC	star_default	alevin_fry	63241	87055	0.5564466641549471	0.9629929012527112	0.0	2.807354922057604	0.0	8.758223214726724	0.4449486883509116	0.00698913679416834	0.54806217485492	0.45356651539349474	0.3145322391064868	0.45356651539349474	0.14643980961717873
10x_pbmc_5k_v3.1	3p_v3	human	PBMC	star_default	kb_count	63241	507058	0.9586095838527767	0.8174157877284428	0.0	0.026594210011713124	-1.0	0.10691520391651187	0.08070713619329233	0.2890213627235496	0.6302715010831581	0.45356651539349474	0.4785661200803276	0.45356651539349474	0.4785661200803276
10x_pbmc_5k_v3.1	3p_v3	human	PBMC	star_cr_mimic	alevin_fry	63241	87054	0.5586988214569681	0.9661253776990263	0.0	2.807354922057604	0.0	8.791162888555018	0.4431618728356604	0.006356635726822789	0.5504814914375168	0.4510681361774798	0.3145322391064868	0.4510681361774798	0.14643980961717873
10x_pbmc_5k_v3.1	3p_v3	human	PBMC	star_cr_mimic	kb_count	63241	507228	0.9599571835145249	0.9012251908375949	0.0	0.0	-1.0	0.12553088208385882	0.1429294286934109	0.21846586866115336	0.6386047026454357	0.4510681361774798	0.4785661200803276	0.4510681361774798	0.4785661200803276
10x_pbmc_5k_v3.1	3p_v3	human	PBMC	alevin_fry	kb_count	189723	86353	0.5549570982798638	0.9704640974654063	0.0	2.807354922057604	-8.794415866350105	0.0	0.004095444411062444	0.4714979206527411	0.5244066349361964	0.3145322391064868	0.4785661200803276	0.14643980961717873	0.4785661200803276
10x_pbmc_10k_v3.1	3p_v3	human	PBMC	star_default	star_cr_mimic	63241	1396909	0.9913453019564277	0.8797924214080364	0.0	0.0	-0.05246741989413553	0.12553088208385882	0.08583039483879129	0.24646985341787764	0.6676997517433311	0.5367562182761183	0.5327240239717904	0.5367562182761183	0.5327240239717904
10x_pbmc_10k_v3.1	3p_v3	human	PBMC	star_default	alevin_fry	63241	120339	0.6065499902107461	0.9772977201980398	0.6872503822929399	3.700439718141092	0.0	9.639340708652231	0.5259878876045603	0.009645641277019655	0.46436647111842	0.5367562182761183	0.3728277541468351	0.5367562182761183	0.19760914596543383
10x_pbmc_10k_v3.1	3p_v3	human	PBMC	star_default	kb_count	63241	1372845	0.9604851264609439	0.8201633326954961	0.0	0.04629365227393494	-1.0	0.1728616983427143	0.09269303141949052	0.3783463259594251	0.5289606426210844	0.5367562182761183	0.5700415869451779	0.5367562182761183	0.5700415869451779
10x_pbmc_10k_v3.1	3p_v3	human	PBMC	star_cr_mimic	alevin_fry	63241	120338	0.6102561032386943	0.9767652721487075	0.5849625007211562	3.700439718141092	0.0	9.64565843240871	0.5218450056134469	0.009329390743346879	0.46882560364320613	0.5327240239717904	0.3728277541468351	0.5327240239717904	0.19760914596543383
10x_pbmc_10k_v3.1	3p_v3	human	PBMC	star_cr_mimic	kb_count	63241	1372346	0.9615470425774272	0.8839307501549205	0.0	0.03326366766601271	-1.0	0.12064535407986103	0.10200660963615377	0.36248636169573534	0.5355070286681108	0.5327240239717904	0.5700415869451779	0.5327240239717904	0.5700415869451779
10x_pbmc_10k_v3.1	3p_v3	human	PBMC	alevin_fry	kb_count	189723	119816	0.6063941132519404	0.9792252113979595	-1.0	3.9068905956085187	-9.663558104217273	0.0	0.005012570958713493	0.5623725115036131	0.43261491753767334	0.3728277541468351	0.5700415869451779	0.19760914596543383	0.5700415869451779
10x_t_3k_v2	3p_v2	human	PBMC	star_default	star_cr_mimic	63241	353858	0.9597225570541369	0.9744763623764254	0.0	0.0544477840223765	0.0	1.0	0.29461899716955775	0.03067630176625923	0.674704701064183	0.44271912208851855	0.414114261317816	0.44271912208851855	0.414114261317816
10x_t_3k_v2	3p_v2	human	PBMC	star_default	alevin_fry	63241	252049	0.48139065576741974	0.9721905725942406	0.0	2.739368084381511	0.0	7.851749041416057	0.4366787368953685	0.005233946332284436	0.558087316772347	0.44271912208851855	0.2843513965096483	0.44271912208851855	0.1120950016603153
10x_t_3k_v2	3p_v2	human	PBMC	star_default	kb_count	63241	348752	0.9245246157263901	0.9619138794132976	0.0	0.11864449649861906	-1.5849625007211563	0.030161970510252364	0.05230783826947708	0.3742508815483626	0.5734412801821603	0.44271912208851855	0.5003399693236983	0.44271912208851855	0.5003399693236983
10x_t_3k_v2	3p_v2	human	PBMC	star_cr_mimic	alevin_fry	63241	252066	0.49746718806157253	0.977194192014203	0.0	2.321928094887362	0.0	7.6293566200796095	0.40725162473711674	0.006119447826568207	0.586628927436315	0.414114261317816	0.2843513965096483	0.414114261317816	0.1120950016603153
10x_t_3k_v2	3p_v2	human	PBMC	star_cr_mimic	kb_count	63241	349055	0.9048436495078374	0.9625837776643308	0.0	0.23464988709173257	-2.321928094887362	0.0	0.023228601698265367	0.41713445391439097	0.5596369443873437	0.414114261317816	0.5003399693236983	0.414114261317816	0.5003399693236983
10x_t_3k_v2	3p_v2	human	PBMC	alevin_fry	kb_count	189723	245310	0.473097682037915	0.9819230177816914	0.0	3.1699250014423126	-7.971543553950772	0.0	0.0018500656219857371	0.49700352619345045	0.5011464081845638	0.2843513965096483	0.5003399693236983	0.1120950016603153	0.5003399693236983
10x_neuron_1k_v3	3p_v3	mouse	non-PBMC	star_default	star_cr_mimic	57180	356720	0.9911660822611769	0.936888861300946	0.0	0.0	-0.04264433740849367	0.0	0.04450856942987058	0.2186079048618398	0.7368835257082896	0.44454354669464846	0.438737320741518	0.44454354669464846	0.438737320741518
10x_neuron_1k_v3	3p_v3	mouse	non-PBMC	star_default	alevin_fry	57180	103370	0.7288647583554663	0.9326371689960343	0.0	2.584962500721156	0.0	6.894817763307944	0.43649877579573276	0.005369010143406785	0.5581322140608604	0.44454354669464846	0.3339162877462982	0.44454354669464846	0.2216859041622945
10x_neuron_1k_v3	3p_v3	mouse	non-PBMC	star_default	kb_count	57180	340162	0.9585139730899218	0.8914310993101208	0.0	0.01708074194188446	-0.4150374992788438	0.01962880674893263	0.058149702693249386	0.2831759356418328	0.6586743616649178	0.44454354669464846	0.455299055613851	0.44454354669464846	0.455299055613851
10x_neuron_1k_v3	3p_v3	mouse	non-PBMC	star_cr_mimic	alevin_fry	57180	103370	0.7331467007572179	0.9302672147553604	0.0	2.584962500721156	0.0	6.88181316118096	0.4310772997551591	0.005176635187128366	0.5637460650577125	0.438737320741518	0.3339162877462982	0.438737320741518	0.2216859041622945
10x_neuron_1k_v3	3p_v3	mouse	non-PBMC	star_cr_mimic	kb_count	57180	340378	0.9587339925169608	0.9266204077974356	0.0	0.0	-0.5849625007211563	0.047985741866782276	0.1136761105281567	0.22040923399790135	0.6659146554739419	0.438737320741518	0.455299055613851	0.438737320741518	0.455299055613851
10x_neuron_1k_v3	3p_v3	mouse	non-PBMC	alevin_fry	kb_count	171540	102815	0.7290266895658006	0.9430730680202531	0.0	2.584962500721156	-6.889434603397361	0.0	0.0032703742567331234	0.44856593214410634	0.5481636935991605	0.3339162877462982	0.455299055613851	0.2216859041622945	0.455299055613851
gse287209_human_lung_organoid	3p_v3	human	non-PBMC	star_default	star_cr_mimic	63241	3092289	0.9947820991106854	0.9581988409155193	0.0	0.027744990482904318	-0.13750352374993496	0.03394733192333753	0.05912303727012539	0.36468430290476117	0.5761926598251135	0.6151072879935485	0.6190762321911418	0.6151072879935485	0.6190762321911418
gse287209_human_lung_organoid	3p_v3	human	non-PBMC	star_default	alevin_fry	63241	507661	0.5865396797449436	0.9795271623748473	1.222392421336448	4.7713615040717094	0.0	11.806146803320525	0.6029632675005139	0.010420455084517955	0.3866162774149681	0.6151072879935485	0.4186946232138433	0.6151072879935485	0.21963599563574263
gse287209_human_lung_organoid	3p_v3	human	non-PBMC	star_default	kb_count	63241	3060215	0.972550875201141	0.937200767453096	0.0	0.04182017569462706	-1.0	0.1926450779423958	0.12202526841764046	0.4129915719232776	0.46498315965908193	0.6151072879935485	0.6449771508989421	0.6151072879935485	0.6449771508989421
gse287209_human_lung_organoid	3p_v3	human	non-PBMC	star_cr_mimic	alevin_fry	63241	507662	0.5872518533045116	0.9791855660252837	1.3477383306601471	4.800721829725157	0.0	11.837627933171404	0.6076437753988709	0.009297765689979602	0.3830584589111494	0.6190762321911418	0.4186946232138433	0.6190762321911418	0.21963599563574263
gse287209_human_lung_organoid	3p_v3	human	non-PBMC	star_cr_mimic	kb_count	63241	3059133	0.9742427734857811	0.9678495655255782	0.0	0.006002894873946904	-1.0	0.23319917629303089	0.26855995319492104	0.2566214955487737	0.47481855125630523	0.6190762321911418	0.6449771508989421	0.6190762321911418	0.6449771508989421
gse287209_human_lung_organoid	3p_v3	human	non-PBMC	alevin_fry	kb_count	189723	507362	0.5869777220979835	0.982206755419282	-1.5849625007211563	4.881315561225298	-11.81498293642679	0.0	0.005787384766211793	0.6358849480558498	0.35832766717793835	0.4186946232138433	0.6449771508989421	0.21963599563574263	0.6449771508989421
gse325955_mouse_kidney_E18_5	3p_v3	mouse	non-PBMC	star_default	star_cr_mimic	57180	2622710	0.9926911762201847	0.9491148750962659	0.0	0.0022151019729759244	-0.0324214776923775	0.5305147166987798	0.12131864288212661	0.28324589017138857	0.5954354669464847	0.6020461699895068	0.5971668415529906	0.6020461699895068	0.5971668415529906
gse325955_mouse_kidney_E18_5	3p_v3	mouse	non-PBMC	star_default	alevin_fry	57180	766123	0.7713744124051238	0.9583698369734428	1.0	4.005883844176874	0.0	8.124121311829187	0.5908359566281917	0.009793634137810424	0.3993704092339979	0.6020461699895068	0.4575376005596362	0.6020461699895068	0.3255334032878629
gse325955_mouse_kidney_E18_5	3p_v3	mouse	non-PBMC	star_default	kb_count	57180	2596404	0.9657442234993715	0.8984277711818144	0.0	0.0377056998289149	-1.0	0.23064855903966527	0.08709338929695698	0.4450682056663169	0.46783840503672613	0.6020461699895068	0.6238195173137461	0.6020461699895068	0.6238195173137461
gse325955_mouse_kidney_E18_5	3p_v3	mouse	non-PBMC	star_cr_mimic	alevin_fry	57180	766119	0.7766632605285562	0.9569659191179937	1.0	3.9068905956085187	0.0	8.02817701201175	0.5861490031479538	0.009391395592864638	0.4044596012591815	0.5971668415529906	0.4575376005596362	0.5971668415529906	0.3255334032878629
gse325955_mouse_kidney_E18_5	3p_v3	mouse	non-PBMC	star_cr_mimic	kb_count	57180	2595121	0.9662559795180692	0.9351706572613765	0.0	0.031343121614010656	-1.4672978609492469	0.09953567355091437	0.08380552640783491	0.4427597061909759	0.4734347674011892	0.5971668415529906	0.6238195173137461	0.5971668415529906	0.6238195173137461
gse325955_mouse_kidney_E18_5	3p_v3	mouse	non-PBMC	alevin_fry	kb_count	171540	764722	0.7723657765269567	0.9708580514556104	-1.524897170363841	4.152577794990372	-8.098032082960527	0.0	0.005036726128016789	0.6155299055613851	0.3794333683105981	0.4575376005596362	0.6238195173137461	0.3255334032878629	0.6238195173137461
gse288156_mouse_intestine_scrna	3p_v3	mouse	non-PBMC	star_default	star_cr_mimic	57180	3952679	0.9931144834766026	0.9756816670787472	0.0	0.024225298182929195	-0.16177708794172532	0.32192809488736235	0.09667715984610004	0.39233997901364115	0.5109828611402588	0.6643406785589366	0.6709513816019588	0.6643406785589366	0.6709513816019588
gse288156_mouse_intestine_scrna	3p_v3	mouse	non-PBMC	star_default	alevin_fry	57180	1849981	0.7643688485771719	0.9279710689024138	1.584962500721156	4.180161750480418	0.0	8.479780264029099	0.6474991255683805	0.014235746764603008	0.33826512766701644	0.6643406785589366	0.5069604756908009	0.6643406785589366	0.3567506121021336
gse288156_mouse_intestine_scrna	3p_v3	mouse	non-PBMC	star_default	kb_count	57180	3928080	0.9683201626307872	0.9574907222537405	0.0	0.050093898453230715	-1.5849625007211563	0.25728507477905943	0.09408884225253585	0.4910807974816369	0.4148303602658272	0.6643406785589366	0.6876530255334032	0.6643406785589366	0.6876530255334032
gse288156_mouse_intestine_scrna	3p_v3	mouse	non-PBMC	star_cr_mimic	alevin_fry	57180	1849989	0.7663418240768346	0.9252175892134991	1.584962500721156	4.169925001442312	0.0	8.417852514885897	0.6547918852745716	0.012801678908709339	0.33240643581671914	0.6709513816019588	0.5069604756908009	0.6709513816019588	0.3567506121021336
gse288156_mouse_intestine_scrna	3p_v3	mouse	non-PBMC	star_cr_mimic	kb_count	57180	3928183	0.9701990567223668	0.9740894833610291	0.0	0.017438682200397612	-1.5849625007211563	0.27563444261342734	0.23719832109129066	0.33975166142007696	0.4230500174886324	0.6709513816019588	0.6876530255334032	0.6709513816019588	0.6876530255334032
gse288156_mouse_intestine_scrna	3p_v3	mouse	non-PBMC	alevin_fry	kb_count	171540	1849723	0.766124884943998	0.9399957577979765	-1.8073549220576042	4.357552004618084	-8.569855608330949	0.0	0.006540748513466247	0.6763553690101434	0.3171038824763903	0.5069604756908009	0.6876530255334032	0.3567506121021336	0.6876530255334032
